-0.0335819168895122,0.0858246801181058,0.0169697202748543,0.0783408400789134,0.118393396005196,0.163896125501867,0.0652438176163457,0.280678083467836,-0.11948865471398,-0.0266001188357509,-0.0254580892963755,0.172554811113942,0.0520735052282244,0.0051833725915168,0.045755409865454,-0.0099033392400728,-0.166296734743386,0.108958057497934,0.137906705094478,0.031773610382242,-0.144497366026562,0.11003967151308,-0.0150102428731392,-0.0556182900108246,-0.0557006104255131,-0.104811898073945,-0.0054035809580816,-0.237226297669525,0.0935756544214032,-0.113589546715861,0.142308303368275,-0.124666199922685,0.078690136366099,0.283258969015107,0.0993922204458649,-0.128434559710323,-0.0523727070659876,0.0371211821439299,0.0878561956481723,0.169492661728981,0.19596005835328,-0.004076367990495,-0.14593475458715,-0.141769241627786,0.0143496909515651,-0.0190245311643716,0.0578422540364802,0.146869330146907,-0.0180255599175111,0.0240255130987012,-0.0045892699660405,-0.0348435291923191,-0.376492252952417,-0.123013880637372,-0.250795685305534,-0.177342381137141,-0.19560945214786,0.166480429223173,-0.064093904523813,-0.0437789027184993,-0.0554789843337533,0.0027144460756562
0.11582030331831,0.220133697565147,-0.114180681473966,0.0803263046023702,0.0403198065701454,-0.0040280039919881,0.0285524220136753,0.173609679264698,0.154019032864183,-0.0146599733833588,-0.0926776854151891,0.0400879003054015,0.0732977380479808,-0.0402896428323689,0.060259340526724,0.0286113752071069,0.26325221643284,-0.0562158526277686,-0.0114968947576054,-0.217603996326935,-0.0101350645952665,-0.215115342645025,-0.0596352195090454,-0.104660517598559,-0.081889935438279,-0.076145135174813,-0.111205758437344,-0.0412146780200727,-0.562212365561963,0.0752282198364349,-0.0970812376160423,0.0674173094459808,0.0263726692566291,0.0068231236687268,0.100747271032594,0.0622721334935491,0.0481190966321568,0.0423307814658996,0.142375926983491,0.0989898016100521,0.0975442595840388,-0.0105582789802843,0.136600380713761,0.148759750601396,-0.0356019958560283,0.0605243370281148,0.0269573885107703,-0.109149902120709,0.0947519540980705,-0.175548634883022,-0.132919913281064,-0.151451663392966,-0.0225481571551905,-0.0642186480880062,-0.0451318241079363,-0.0192528352477538,-0.127016730119515,0.102133429822261,0.0970042315284497,-0.159708593820533,0.134183363412299,0.11612991701534
-0.408168158701626,-0.33052315944925,-0.0371939064788964,-0.0310881808084475,0.0138819864797073,0.0076993787994703,-0.0270200323093603,0.110228453229527,-0.0253956957289034,-0.0062672793654159,-0.0726722717539925,0.0199280560511398,-0.0067972687756255,-0.0959062914785626,-0.0401898085180876,-0.0027668638070164,-0.087154358391649,-0.0306613121524376,-0.037775783402366,-0.0667398819043637,-0.0607933537172374,-0.0371040249320682,-0.0980840507119571,-0.0629515865110568,-0.0684125916495284,-0.0577168557747319,-0.0360741027235905,0.0441583500930387,-0.0473619095432858,0.127931879012105,0.0551491923835105,0.14642952872786,0.106443620585197,0.0627073020402312,0.127519657356946,0.0639499640777089,0.127592011546407,0.184510223310721,0.246385453005622,-0.010082247827908,0.181396319896921,0.0605016194261244,0.190512810261232,0.18363713985345,0.093358920398422,0.0719676882705643,0.0134628110756236,0.0918049602679795,0.0151791006366205,-0.0053977746352288,-0.0769816691113091,0.0196976483818677,0.0110138531783994,0.0079785631713035,0.184168986017254,-0.0170964147594148,0.112508438252836,-0.013077502250397,-0.0107977164077784,-0.0356949744600794,-0.38948074444903,-0.348276143297272
-0.027853477095896,-0.255931874113721,-0.0198647300366803,0.0192844108280954,-0.267424327912801,-0.0636270258761057,0.198251461392835,0.214806169872352,0.249832641776758,0.0662812221848491,-0.092876006142277,0.102181923519139,-0.05161318999255,0.0554425592496217,-0.0160240521960586,0.0327960082389353,0.0821160975699369,0.121262784798898,0.196481645071384,0.172263981050594,-0.190444919698793,0.0825383725878958,0.0405022352318918,0.0420489351661796,-0.0158352138798577,0.115268606451344,-0.0674652981177546,-0.132629147119471,-0.138590680835348,-0.282238022589543,-0.208698854762192,-0.0588118049553797,-0.174793579348482,-0.156829089764318,-0.28554913932127,0.108303279644898,-0.0945651681594133,-0.040329924076603,-0.0184413764651408,0.146089310323366,-0.079452306603812,0.122355553124512,-0.0885720599832552,0.117241673477909,0.0747902081554757,0.135984981971721,0.0945194573091227,0.16416284158735,-0.0310722705097639,-0.0009008739389186,0.0489170322650292,0.109468518261902,0.0583436769427269,0.12050051732544,0.0386040741470412,0.0112836634171507,-0.176243390690968,0.0116284632979046,0.0485007991991195,-0.0460538203952968,-0.0552455378608104,-0.0640759429982794
-0.0666385815295014,-0.112584632629629,-0.028146687197128,0.101691084373341,0.0302591651055975,-0.0057942632888474,0.249887566883552,-0.399271073604005,-0.234707237608408,-0.0349229203611462,-0.0333565197354614,-0.141905414661369,-0.182246876106373,-0.0158232512717171,0.0601956861320792,-0.0147046397490867,0.0863341039925268,0.0820351571310528,0.1283550718345,0.0539032976994472,-0.0028741381467173,-0.016574964602429,-0.0142117066681284,-0.0708804809153141,0.0173282694688322,0.0013185512149882,-0.0018125776230885,-0.136705581196255,-0.181272753227705,0.115214881955836,-0.0359423552371138,0.103293838221156,0.0879666575309766,0.0383466181408482,0.0955659742741728,0.107686463262817,0.226089043392587,-0.0260013807034676,-0.453237225962731,0.314939116579855,0.120968704651275,-0.0513920520522609,-0.110791585204994,-0.111822406644058,-0.0385955413329125,0.0172224926673571,0.129479120276983,0.0634679335687465,0.152477614487036,0.0326481313616226,-0.0234011549101474,0.0450252348984286,-0.0348769678168109,0.0935354805446076,0.0550708803816624,0.000943152005588,0.0112989633907568,0.106037286673388,3.5460197350231e-05,-0.0899727774963933,-0.0833747299997782,0.0252214749338293
-0.155361570869927,0.041919073151445,-0.129186351373961,0.205088651692613,0.134196453315196,0.140107271839605,-0.0919085334319705,0.048786308980869,-0.04614772586141,-0.0472958825665595,0.0985589107340509,0.0684612606991104,0.15742457206952,-0.0088464966085361,0.0742121241247268,0.109413939217275,0.0612572094684635,-0.0439697082959534,-0.0349715022564626,-0.117093679129829,0.0662550967674681,0.0242929615053587,-0.0072143903302153,0.0162030611662236,0.0716502310890157,-0.0332690708691311,-0.0127518175491046,0.197177351475411,-0.0240402079465984,-0.168139251400088,-0.235957284352738,0.1384514816346,0.0971549082272094,-0.0156784723066564,-0.121535092694122,0.178775136728707,-0.248475506536864,0.205997481708416,-0.0778294158812737,-0.0189186666306561,-0.008708815342854,0.0225429492316128,-0.34605932355371,-0.202961359618106,-0.0505053105631743,0.137080295643178,-0.0619149644796808,0.0440446286720158,-0.0464332118035133,-0.246289290805937,-0.0701890360633067,0.136965708307666,0.0966111596980894,0.0418314501185812,-0.134993101569733,0.0708221965207907,0.289167234734411,0.165009619641744,-0.160212178257985,-0.071630792289133,-0.112416423563098,0.0114457056080511
0.0116266953310749,0.035053899145257,0.0971783400295596,0.0177428066383361,-0.0441462661507932,0.058215914880456,-0.174461597930639,-0.0223159806339297,-0.156597276214648,0.0334802770833432,-0.0887099168486826,-0.209495438920623,-0.0553715861122722,0.0477335130243644,0.170359939268862,-0.0199027152483901,0.0336181991630055,0.0069289097246148,0.121907833293694,-0.0729435653995171,-0.029174686320753,-0.159872730517468,-0.187248181001647,0.0727694289863369,-0.0686597212525556,-0.143908394967497,-0.0542445354677996,0.296934260208226,0.0931745179919431,-0.0036863817834446,0.0129222529445913,-0.175177208689656,-0.0303287982706025,-0.0412299458060369,0.0434667316816742,0.175599115292625,-0.248328814537768,-0.074641214439108,-0.101187223120013,0.134025577465162,-0.078244730464259,-0.0804999290406373,0.0583632063558474,0.128442142794186,0.221363383505171,0.0286620604090698,0.067680938928325,0.347254216405486,-0.0050433869304231,0.0774274547530099,-0.0189993699852608,-0.0813267877101438,0.0401595935013024,-0.279506286413265,-0.141564353824878,0.168443084547966,-0.050465861847704,0.0933168407520632,0.298834681060822,0.015936906619046,0.0143011763977549,-0.125640984533567
0.120652908408751,-0.0608127394230665,0.149689888060212,-0.251053326972416,0.263764520714945,0.053760683339135,0.266703426752034,0.0869987742016315,-0.0388674699882009,-0.115877755425507,0.0715167452820066,-0.0238425408124684,-0.158349544792709,-0.212199956631492,0.004704769920898,-0.168128740079036,-0.066350246052793,-0.0360058869171258,0.120194217797168,0.0901104879569368,0.0630226892624966,0.0514239062022725,-0.190008239721737,-0.094054731710314,0.0287391826667546,-0.119548115916134,0.0896990515414331,0.0382051018056594,0.0488334144902386,0.0479250688750984,-0.17260485813652,0.0483802745273696,0.0440849983115517,-0.0101323756395999,0.0564956945985096,0.0161626920187621,-0.0501242588670537,-0.208945289613484,0.151497008874742,-0.198193053263424,-0.173239022472624,0.209879069992943,-0.114341978059696,0.0954633677372959,0.0045353484485189,0.154324263160911,0.0873544907285187,0.017256537410197,0.238733241485435,0.0428589216353912,-0.144260755225468,-0.0201099226109428,0.152418890939311,-0.0957019502496942,-0.0590796170723589,0.0560521312992722,-0.0421277435673948,0.0474244928303957,-0.116770876136893,-0.154023836575559,-0.161579552472345,0.237468007304535
-0.174380656317159,0.0316241741964374,-0.168639022917863,0.0083381375000827,0.0117503335510307,0.0580012778224233,-0.0651654704639883,-0.111094999832525,0.0683278173782195,0.138587427444702,-0.154506535758581,-0.073955217749577,-0.034370635263881,-0.0143360915364436,0.273903764735936,-0.125903109175192,-0.0503193074500107,-0.108064644192307,0.156312182168593,-0.224538450682991,0.0498591749330857,0.016333156902925,-0.0415080578373477,-0.0046932138434634,-0.110409781784833,0.0128915864568194,0.0055561926742794,0.0677844083158318,-0.0521942773880496,-0.036318708667244,-0.0092517333028962,0.0673467961905505,0.0653427201848204,-0.0165592894747269,-0.110992287442885,-0.215920299571116,-0.103453229866988,-0.0424702894898016,0.0788681796355045,-0.0882094640674987,0.257026568138064,0.0493685985818317,-0.269483096352844,0.182302461303204,-0.0663721659047876,-0.0797214768072163,0.297055537985899,-0.145747741947497,-0.0048357728476766,0.280332721369615,0.116514302909285,0.114939017721227,0.112245381802469,0.127793538223346,-0.107051323893055,-0.1401179223377,-0.0396401708827923,-0.119547352202608,0.124046405503485,0.212714325030116,-0.0402513575398219,0.164857072913664
0.152274058248298,-0.0001941554724494,-0.145973061175002,-0.0833890672482062,-0.161324436622001,0.209401750287994,-0.0545507448391714,-0.100702018794099,0.125898076534437,-0.059011439569194,-0.122140828073694,-0.0033916620434504,-0.0357132019995514,0.0241595644037238,0.0169620231076077,0.116763767277043,-0.0119537169103439,0.114440974443524,0.0861072697500858,0.0664202648815283,-0.065966579835817,-0.0465373826100529,-0.178339992202581,-0.219013786031541,-0.0203139927026515,-0.23078162966464,-0.0079174072320712,0.134862164167307,-0.0759945776576802,0.0513739297223943,0.0121095367730839,-0.17658792757323,-0.092348548330829,-0.0498034081700065,-0.103504425721526,-0.0077251279124882,0.356242306499767,0.194408477207868,0.257373704787003,0.139709746527102,-0.231402525524054,0.0888014501088353,-0.151659142115688,-0.183985858335806,0.045353066683363,-0.106270685137478,0.0433295492513282,-0.0483852079651604,0.0081012849176503,0.180116303414472,-0.0605405776199505,0.134830691796688,-0.0904064412826207,-0.130511646262791,0.0543047076319656,0.0279171832111268,0.257719516088084,0.0496613557869151,-0.0936104005560364,0.14854270953992,0.0275825842666173,0.025183599142806
0.0094120738452074,0.12226872257089,0.193496402840979,-0.105827575244859,0.0711339338481179,-0.0722938438505381,-0.179155804003375,-0.142156934447361,0.0516174086081437,0.198088235883943,-0.129180518289732,0.155000175473773,-0.132903358695562,-0.120718984014797,-0.107790016530336,0.173299373976622,-0.166572434090146,0.0218122478130668,0.0358737400546774,0.112937171160312,-0.151433459193664,-0.172560296613199,0.0986214400556672,-0.0647486947576012,-0.133452903649437,0.121279127707725,-0.0336361844844091,-0.108321969441429,-0.0093915389760065,0.174647555031482,-0.320380899704143,-0.141022350888159,0.111379265062731,0.232477324480606,0.122604944865964,0.0032578666746705,-0.0632405501968912,0.0092029032255601,0.0384986857315762,0.0452385016968696,-0.0624403000255142,-0.0699994515413297,-0.197347850150784,0.0901325061123602,0.0201772000265341,0.277272229176775,0.0320735632595357,-0.0072385003878076,0.05949653358551,-0.147536363699523,0.159148512807056,0.103471263551872,0.0078562326866894,-0.0486454046950404,0.0208006031842774,-0.132775069489391,0.192815604891643,-0.19240893694175,0.107168983407016,0.0089074464044218,0.111743497800328,-0.0800310320788293
-0.175355199244425,0.107579641658857,0.201341633823883,0.097816194124522,0.0596710177643537,-0.0466972580558917,-0.0271611862353606,0.0054157326915936,0.120954310185287,0.108666009467224,-0.341461212239577,-0.113226728792868,-0.0742725040975622,0.124363581134139,-0.0127642789834498,-0.0448895553442481,-0.0596975906508785,0.0223458219092034,0.163104358206448,-0.201803670866257,0.142869722821637,0.0094292583576059,-0.0814408900852079,-0.239253461439358,0.280162984767303,0.0450807637721135,0.0752160083197837,-0.151387944693619,0.135192122872926,0.0142218610947171,0.112168523270565,0.072036317159293,0.103421185835236,0.0606192025664884,-0.246049301327146,-0.0043385384833849,0.135436044608466,-0.049404713374052,0.148863712264784,0.0789643805987304,-0.0719204831748583,-0.21944031272829,-0.114191324729998,0.0120639321876958,-0.0914035755261461,0.0676280732236649,-0.223689468421002,0.165869512390323,-0.0303287703076119,-0.0347170014904099,-0.137854971316427,-0.100640931029555,0.208762091199085,0.044519952161761,0.0584719372910703,0.0724340312655752,-0.10519676212929,0.0283146656549039,-0.11259607544914,-0.0821881455269911,0.147255018785917,-0.0368879237614554
0.0,0.38000103611264,0.378196882068461,0.21534865630542,0.116631908402175,0.184920084762432,0.246830454756516,0.266810861727158,-0.172561016314205,-0.17652884762645,-0.0005625773223564,-0.19764191497156,-0.145724253661506,0.0405078130381161,-0.0356968978057161,0.0818305337114514,0.0046274914718345,-0.000831927750656,-0.0952438949334979,0.0173242868451439,0.019588876217062,-0.0144249460793719,-0.0544363992774118,0.051835985624074,-0.0024900486891406,0.0701050335558552,-0.0231947608009934,0.0600264464247047,-0.0327044897199256,-0.0174087677761208,-0.201456749612849,0.0479890800674271,-0.130477193936508,-0.0017254783904176,-0.127105436342525,0.102816581742815,0.17082025233357,0.0909162833224275,0.0045021438455801,-0.0196130246828185,0.0804849921044348,0.0456084574885721,0.0048463660046521,0.0245360126791703,0.0873212306005512,-0.0515255005519683,0.0002631782129654,-0.114280409788783,-0.096943387098482,0.121300497220291,0.0230827111394241,0.0984920732234866,-0.0301292145084188,0.127043837854449,0.0325064381882539,-0.0451961252215684,0.0003142494769423,-0.197680708367817,0.119216268855826,0.18060869411172,-0.090820991947169,-0.153925734332696
-0.631113270631371,0.284610963096952,0.197078349302197,-0.189410391485254,-0.101505398951235,-0.102642142908263,-0.0221948904400222,-0.228810861440543,0.0620448192529331,-0.0385531231879782,0.109695029007939,0.165927112315401,-0.0013819142973337,-0.0335496601059484,-0.0119923522808725,-0.0019945668091594,0.0270867551863347,0.024955523253312,-0.0531916236446075,0.0688251152898582,-0.057551891039181,-0.104507334983773,-0.0094043219233748,0.0435735416457357,-0.0062822364056001,-0.0717594042989376,-0.0024477389356257,0.13255582032454,-0.0365372478365932,-0.0016928950483104,-0.0246548861013634,-0.025133283394474,-0.129572448919396,-0.037931396951733,-0.0962970062085853,-0.0080065078735548,0.0338822822954391,-0.0402636787809123,0.0281937745556973,0.0008149338210591,-0.0593603485521117,0.104168313296696,-0.0182169127334057,-0.0200435662740376,-0.0152461378653948,-0.0301105942933854,0.0131936643613502,-0.0690900176392274,0.0104750438447403,-0.0471159110929395,-0.0099731827398278,0.0080705780490624,-0.280281356955755,-0.0021933860377985,-0.0101573204634184,0.23541732774854,-0.218015206574362,0.0943651353972198,-0.0420796714141446,-0.0188688109226044,0.0067314782847726,0.16767325084452
0.0,0.182138829024628,-0.0887557002491126,-0.193223685458578,0.0353140926303281,0.220144900862981,0.0077358370859417,-0.0678343592501561,-0.147678393753259,0.297787754394672,0.386073250425307,-0.0699298014554158,-0.0595110997659792,0.25006720892382,0.0585665799054224,0.444447766032179,0.0492824119613824,-0.136653281937421,0.0068937699780861,-0.004891349507759,-0.141090331555803,0.0133565619490945,0.0030800017165115,-0.0899518893496429,0.0402187864961,0.0173564353593425,0.0117063751067644,-0.117435812441262,0.101153067517676,0.0732107646673603,0.0641926958528589,0.0398025568307601,-0.0786807853685545,-0.253207638788138,0.0102279089212363,-0.0280944418705994,0.0179668845510821,0.0386258381937595,0.154035230172466,0.0467949892480369,0.082526256093028,0.0260819485386196,0.0161288216879523,0.0637908634731211,-0.0386578425542785,0.108069137575676,0.0348918480877499,0.133336345525125,0.0331092663202878,0.0247096540897791,0.004017592139288,0.0070193788690693,0.179730992296826,0.0383283224493387,0.0648350711062937,-0.144064079392786,-0.140549641689945,0.0932891722833765,-0.0273589195976901,-0.121817699580304,-0.0420938156560563,-0.0053868170181297
0.0,0.0358103949052913,0.0626253071245569,-0.0874149485193915,0.0668761054195105,0.0654904947482319,-0.0785109389584645,-0.0289061075775883,-0.0750338272410302,0.0284261495258135,0.0182820353212861,0.114636624106484,0.0930405552434208,0.117625354867983,-0.0777847103015298,-0.163930350376059,-0.0797263051555394,0.117219501841151,0.0515968962994693,-0.142601332231703,0.0189731096078359,-0.226905702286875,-0.344848728406458,-0.065911688072405,-0.226224998622256,0.0680546778984298,-0.0217891780866123,-0.408821644023663,-0.0486639969341417,-0.138874971004963,0.0114879693617848,0.135234397472976,-0.231612128390773,-0.172302071029142,-0.0948669338816721,-0.0782484983923483,-0.0845993802992559,-0.0630312716147823,-0.180137698514265,-0.22130079807801,0.0336602901308213,0.034962477436573,-0.0926079783168509,-0.134841274947032,0.0284204655859304,-0.049558769776258,-0.009553557741459,-0.0512303204713432,0.0008819279209007,-0.0571385540484026,-0.0065250509097429,-0.0861785886703516,-0.0095306463470561,-0.205866502825546,0.270584872702977,-0.0092984660681928,0.156156606617157,0.0960695782957061,0.0952512420022756,0.0605120795324792,-0.0452781718862057,-0.115561269325812
0.0,0.0544778793005395,0.0001488955868387,0.0444471576691191,0.124266672576691,-0.029384188137361,0.102553939799915,-0.133922918862249,-0.0439240960172266,-0.0505134367552941,-0.0855656384370253,0.262626937116503,0.0299821600971718,0.0967796560948487,0.0638658651703387,-0.0021357316729346,0.281311497399182,-0.378632311715049,0.183398065575465,0.250621771763218,0.0114930832706372,0.162907078834361,-0.349076725136844,0.175968441455705,0.13912869279961,0.175244136411871,0.230760652984695,-0.0221066966592669,-0.175685018637794,0.0603413245135684,0.106950565550129,-0.165818424074625,-0.0259196498375342,0.0244806218907765,0.0202129702500686,-0.0649150678424308,-0.061636404958098,-0.110543223947968,0.146256692578026,0.0331186232756651,0.0537848282600704,-0.0915063057040184,0.0449846314294489,0.0420861979588028,-0.0200958286023187,-0.0234850891682432,-0.127484028111203,0.081585223643615,-0.125386591538301,-0.0630481265841592,0.0802361247944783,0.110931957407423,-0.0561605707632886,-0.0240637208802334,0.0174959808439608,0.0149792349280029,0.195354967927562,-0.0218702807560575,0.0542189585475635,0.0606496958607569,-0.0871570697575858,-0.0246326713608676
0.0,-0.0697540877820496,-0.001566725667189,0.0685656847408921,0.100250244900142,-0.185102071810761,0.151645512015992,0.0584846037167271,-0.146746944281869,0.313681118503921,0.01583312966054,0.142817670801124,0.0920424345732242,0.149881905948025,-0.0865540030144901,-0.0505549974727641,0.143276749690627,0.112647053652694,0.188914102987557,-0.0925518679146687,-0.170636969354291,-0.0628051379919547,-0.14534752901512,-0.0183329180422841,0.299032985601416,-0.281143783385853,-0.288180020029031,0.0925987589440874,0.176242060694897,0.0716363714110874,-0.20220663280328,-0.123841448868765,-0.0066597643275197,-0.0135135712862376,-0.0090793903425534,-0.214987960454292,-0.0296328755612345,0.0131511579122339,-0.0391639350606949,-0.0434961253045936,-0.0179153625801944,-0.048668700566445,0.148321455437538,-0.0987819500258022,-0.073880957970961,-0.0264361600786184,0.040307600447834,-0.274152175185117,0.062934873657265,0.0250482781270737,-0.0630431800968988,0.0016058809181117,-0.0318573703915297,0.148931824477826,-0.0923871345892911,0.0739042343602619,0.0768748397144978,-0.0729805899496378,0.11710339814116,-0.0579408765919868,-0.0392555050526981,-0.0981944948678866
0.0,-0.18380864997307,0.0741345720802047,0.0031848261278743,0.268670930026303,-0.0766912498447418,0.0150761829893579,0.0240403351369833,-0.0578844337730213,0.122628085078696,-0.176768139590233,-0.0255843559514031,0.0894087630802059,0.0014341490471624,0.173960266070629,0.260897355029508,0.0226642754232157,-0.0277535779005345,-0.424850038166124,-0.0020963207474777,-0.115524811309511,0.250518002010575,-0.0215360407739312,0.052177231261035,-0.0476037717568503,-0.173781571007634,-0.0102096610659408,0.0904728931003702,-0.120791415195581,-0.150898886267751,-0.106094696391144,-0.108993148385815,-0.0510390708828021,0.160875576855935,-0.0947295194535909,-0.231982790439569,0.155511922645814,-0.0744907354831087,-0.0912317265911026,-0.12351366642387,0.0490492832008073,-0.0278559867137034,-0.0920597138163214,-0.023059883221801,-0.0295036023946876,-0.0528921386610148,0.0592801052596877,0.169140401671993,0.0342439602409386,-0.0585655714848585,-0.0431295962097523,0.0049789995709466,0.0391764985949602,-0.126271375857711,0.315084018756149,0.112290469161345,-0.110148472108554,0.034874476608262,0.0660497491479533,0.0394168588383787,0.0956590974399828,0.0778209917443221
0.0,-0.0099359303578918,0.147610545239467,0.0812886649166608,-0.275116262459985,0.11418143809656,-0.232917890791922,0.112302087644154,-0.147442892774974,0.0504098339182643,0.12756030674637,0.223235805090271,-0.141039422261172,-0.147536700881733,0.0653848925839475,-0.110498832906824,0.0370725365471928,-0.185408306382312,-0.0038080930753744,0.0703342552715567,0.0416219811737537,0.111371581999868,0.0978555872943522,-0.262504288270403,0.221634113303634,-0.115754428885248,0.221512154276966,0.0054775759639944,-0.188660306262422,0.0737162998379731,-0.0821767305213682,0.0543713340693021,-0.0920352593533938,0.163402192885731,6.03966861113198e-05,-0.126766724016172,-0.110387818440856,0.0965525898913268,-0.114023804560265,-0.0800785857113217,-0.151761011773011,-0.0363023770068934,0.0130493858864746,-0.108525719697689,0.082157689617654,0.0437553024023383,0.139892203391609,-0.0172917678755665,-0.0181971185587606,0.152440977936583,-0.0013728518926509,-0.250464404411193,0.0940266949679651,0.164266606803152,0.141436676222074,-0.0629762271644568,-0.0395068383674908,0.203563450764818,0.11875057890655,0.0730912969365953,-0.0032561458801467,-0.0784412141717775
0.0,0.153725654496182,-0.08476460356541,0.0888420952588868,-0.0204783332133256,0.0017683328080371,-0.0727336812060005,0.0543398013542168,-0.0907173605956244,0.214514161226885,0.0232246209052464,-0.0494833920379244,0.122791746854288,-0.119046917234549,0.110417424819762,-0.0935691548975928,-0.122848960805038,0.345507785198068,0.152213992919891,0.0159709340518372,-0.0458424167022784,0.149016357305509,0.0084174470713082,0.08719860034808,-0.0427064186565009,0.27137943461109,0.0395777275354208,0.0690856217112232,-0.0888182981041132,0.205948998607023,-0.0527201621177777,0.0082270204775819,-0.217857669463194,0.12672274635191,0.0522785497196824,-0.114446841413489,0.247601908750686,-0.0563039179454989,0.0052146795432665,-0.0683673599877696,-0.131858424911842,-0.0225471354024063,0.136887017601398,0.0200313001894625,-0.0352596911848365,-0.0760736942282371,0.0190578275688925,0.0378512430079142,-0.112741591456544,-0.258035649960573,0.0491164041168909,0.129925691166762,0.264449916248356,-0.0601263891777222,-0.138368139357109,0.0758584539460511,-0.0576268728547236,0.227753131302248,-0.014860340265536,0.109043370317501,-0.238209335181854,0.0699031455555744
0.0,0.0115496561745325,0.02285073349796,-0.165735384722947,0.0636890595751809,-0.144711504848934,-0.0547218347651324,-0.0440834161239272,-0.138963913115448,-0.128479736401167,-0.0950332389378299,-0.0599826919576244,0.104833421176411,-0.0196048027515223,-0.229417277606098,0.14979059084274,-0.040766483763444,-0.0944834517225192,0.0063987280474923,-0.093823691717925,0.33189711401651,0.184201042918154,0.0799707695093292,-0.238447893979321,0.0905242594554323,0.189334970436453,-0.301847878666358,-0.164315268704723,-0.141943731633923,-0.0271117381275164,-0.157755433977815,-0.173223985321747,0.0251479633781236,-0.146149199581789,0.000855662441262,-0.0659303510894122,-0.0178561434225241,0.0500781660293803,0.039539273162689,-0.103338072382611,0.0522710011447506,0.0405608924274668,0.156572544821107,0.0013020026573224,0.0175183579037704,0.0167712584423636,0.190963202792279,0.205234317879297,0.0031258411675287,0.14064931790085,0.106317468358522,0.0642363494651658,-0.0936801601195921,0.036845877738006,-0.215357399209707,0.17631058644525,0.0780462442812779,0.204911369422556,-0.0404388147320142,0.134640121100224,0.012944316664767,-0.0451543349632736
0.0,0.0917090418205349,0.0307151277794733,0.160260256720365,-0.0771298576836464,0.138134088701698,-0.0089969918777758,-0.115748722272233,-0.0399598366586371,-0.0849429210334953,-0.0201149570595847,0.159550666132035,-0.113011944193122,0.0260211083531842,0.0924623058671753,-0.151070359692052,0.0545627682223823,-0.0252422162786635,-0.379292390387565,-0.0297643508023111,-0.0664669364939773,0.0942180441754841,-0.0119229116497674,0.14572365573061,0.0298268490503845,-0.142724517985021,-0.359748893961589,-0.274531213195783,0.0795567207273361,0.0410339846433828,0.150300639201112,-0.0397072913388206,0.0980380191171395,-0.0838190711813467,-0.0844354109831999,-0.0476817058162014,0.0489231005141032,-0.130750867444562,0.0678270364822948,0.116816491366598,-0.287690242945783,0.0190419209400073,-0.0978863509518845,0.310502594679851,0.03539533474212,-0.0074873115847095,0.10064670818701,0.0027202323378799,0.0716100348921109,-0.155151002954857,0.0769420047039316,-0.115403258330832,0.0911873496266257,0.0886844519853316,-0.139932064200629,-0.031558163083682,0.148056888140296,0.0864415481248179,-0.0406427552518572,0.0712456034347926,-0.134791929068312,-0.0432482460785969
0.0,0.0047763717769898,0.0274913274827336,0.166132573254083,-0.132041815953892,0.0255864088387305,0.213878888232811,-0.129161616432518,0.0745483116875088,0.0105117194068286,-0.0316604640601173,-0.0824271730321073,0.172069371991882,-0.0043678004588987,0.20587324739225,0.0480861474474611,-0.026636756756195,-0.0257837611386352,-0.192706499813559,-0.0720331642070836,0.0402540529851442,-0.173401225270617,-0.119202029612583,-0.189679351960983,-0.123194672113833,-0.13608600244545,0.278635978387645,-0.151553505504774,0.162141972527919,0.0271814565717637,-0.191593451492607,-0.0811631333345737,-0.0182911521587572,0.177982874290299,-0.127414122920524,0.0241274510469195,-0.184599381942564,-0.119107123157355,0.0322607592087569,0.0268050911454691,-0.0120661735955959,-0.0040826595778417,0.40785752294272,0.0082130444248583,-0.0037213810738603,0.045406007351968,0.13641862581414,-0.0503096253736345,-0.0501704911559088,0.0323830644058512,0.203371873457609,0.204418761280036,0.0085827195789625,0.0177958157186207,-0.0321025685041748,-0.0271475127576524,0.0449994484533545,0.126144419646646,-0.263051898511086,-0.0768328585411654,0.0346082420214748,-0.036933640132731
0.0,0.0703494666952412,0.327328080904071,-0.331971142224665,-0.168718183191446,-0.142858556782523,0.0352734423161797,-0.0764711761247085,0.0604874636925472,-0.0075470086828908,0.0214346671309404,-0.0477208357216564,0.254155423326816,0.257524608742117,0.0495339683269225,-0.05979323840058,-0.114516620962525,0.0966028098728592,-0.0283001279700968,-0.0681382746810922,0.0688644738431233,0.294175941904559,-0.0580079206241178,0.0049272773514746,-0.017123369929258,-0.0730388276142621,-0.0041523215127118,0.182521440096419,-0.166971219991254,-0.125069594854478,-0.0111392496162342,0.0017609429641048,0.0117766012828488,0.0789126633204337,-0.0076989924695244,0.0289640274733646,-0.0118621761152099,-0.0225237712796828,-0.081974950387766,0.172303804140757,0.0494545923645664,0.0301162112616857,0.0419054710119822,0.049480441552854,0.0122868406086767,-0.026306542966592,-0.0628713442796801,-0.0568531344651358,0.0309940322270195,-0.014520503363746,-0.0906348228323782,-0.079407150192376,0.0952649123122998,-0.0053128144791008,-0.0871586253892757,-0.460770761035611,0.223713561906223,0.0371980426707813,0.0130767225480589,-0.104638302945988,-0.0763023541705061,-0.0138089488111464
0.0,-0.0465906226490455,-0.0503978270925874,-0.258745058494883,0.166378100571462,-0.0769070991576597,-0.147742700493218,0.0644107132292135,-0.0012172872392963,0.0131417190664109,-0.266770903962188,0.0860181305865942,-0.164326997200263,0.0180827532201943,0.220942003849427,-0.0673646776025203,0.21582644199391,0.0209184899598487,-0.22030163071127,0.365258402793552,0.164128390677088,-0.121548773828734,-0.0118860803896345,-0.0730090148097453,-0.056864266273872,0.0074653216979229,-0.0203652325794435,-0.0087346116817009,0.143381275422264,0.0831963801045223,-0.0637804873179836,0.0462525444211635,-0.0654641860923144,-0.130979210451442,-0.132232932242327,0.0501269490326706,0.035375950912777,0.0869317273864819,-0.0335168527904615,0.0613861411954937,0.171651938914772,-0.0083176088146395,0.0403473078247855,-0.224213098193559,0.0591663019958347,0.0027890618835862,-0.0538310636543527,-0.173339309751745,0.0226615270841166,-0.0820124969604804,-0.0349935047647796,0.0062041751765752,0.150545814205353,-0.0170013204448677,-0.269987203940348,-0.169893532937034,-0.197615608968987,0.122735635347774,-0.0050478788182661,0.0783421218822087,-0.0406006700380559,-0.166017967495125
0.0,0.175692404650622,-0.354619777656221,-0.0027242976418935,-0.0375487950459412,-0.529637005859721,0.0606801531460746,0.227670911994479,-0.0857571899147305,-0.122759229960537,0.150360774163207,-0.0143539454983577,-0.22590620118289,0.334094684802381,0.010890116028799,-0.0109513747422792,-0.105328494751003,-0.0129104296681836,-0.0550062371319048,0.0312587192340542,0.196123279999482,-0.0984857337689584,-0.0441910485681632,-0.054616490958924,-0.0270197135909132,-0.0621179464046031,0.0123011541635892,0.0433409036281241,0.0652470272886736,0.0457634646839558,-0.0420218461222797,0.0082234418536529,-0.0834449933271091,0.238920571022202,0.0215844961881414,-0.0220194626993697,-0.0257253228710027,-0.0587144498734735,0.0417951663012376,0.142281351285196,-0.0307345020047982,0.0263631281320537,-0.166343395381304,0.0974402076160268,0.0658648901984535,0.0337861216550297,0.0287724229769853,0.0433289889558353,-0.0038262822400829,-0.0193654785982864,0.0415146054417663,-0.0053589706672728,0.0076352408774931,0.0068909371209288,0.2059625919403,0.0192815876433386,0.0607901067324225,0.0947606802113491,-0.0298601580685192,0.111658846159421,-0.0656572857778004,0.0340640046032391
0.0,0.0286389569747789,0.002213604805254,-0.12220786799855,0.0218667524348227,0.0914045321039193,0.0426294022219934,-0.0175425928223353,0.0603267003043853,-0.0930535610184595,-0.0960567496226988,-0.15154527538234,-0.240272855248546,0.0618285393803445,0.160411823462009,-0.043288280092074,-0.0449944211290633,-0.0131051607303214,0.125861300279211,-0.0102329014265039,-0.0371701988616021,-0.157907106493354,0.068441581071515,0.19356181507067,0.0375671951254909,-0.0133696788893298,-0.174575281928669,0.0450057330826253,-0.028141700262227,-0.0778996678964478,0.203253463722804,-0.110823761606754,-0.0381465395553079,0.116280911847712,-0.057058835072479,-0.0538287478867382,-0.056336327363509,0.0884871637610069,-0.0099648874786304,-0.284774849157268,-0.0575579551067466,-0.0459571358813639,0.252420217728385,-0.160763390601384,-0.104275273364866,0.27929894687396,0.118808267880099,0.152340744322985,0.0133589089062011,-0.205915446413152,-0.188370442730796,0.13073349192754,-0.132933084428413,0.285054063729966,0.144338441012568,-0.206240862523141,0.116869186212304,0.162209992297782,0.0299037699746613,0.111580155373565,0.0536421401329808,0.10155927479664
0.0,0.050507433679399,-0.0068793200483779,-0.160431668502965,-0.034715122358153,0.147880599031196,0.148408790225344,-0.0027386850679169,0.240143786980653,0.160099961878476,0.146642297081573,-0.265368598529132,0.0778861796116351,-0.0635317771436317,0.0039539983645189,-0.0457913823621122,-0.0416889553363074,0.0129099796585992,-0.0636814674985488,0.162158842504845,0.111840991976174,-0.12676262318694,0.135450141238718,0.0461234413288565,0.0811737088884036,-0.0756720360711612,-0.0178140418422185,-0.186309912493091,-0.125448428657917,0.0636510134166769,0.009325769547703,-0.217242113795479,0.0677719359919848,0.192458280438892,-0.105587042522237,-0.0532976069435699,-0.194516517159309,-0.0392339451812772,0.0988637770989055,0.117194227521099,0.207997567517033,0.0445347100066001,-0.0687709032289196,-0.19593185997375,0.0221842171087558,-0.214786345442378,-0.105636890894342,0.0650137352254,0.0963004969197237,-0.0933924643699928,-0.0268644836756064,-0.200622081593444,0.11505422966654,0.107912546364625,0.0187810365537776,0.280864376785912,0.140674927512274,-0.0680795692107825,0.158958707594756,0.10790812517576,-0.22284157274134,-0.0207520779072203
0.0,0.0594294983622943,-0.0202862021481598,-0.167106461949886,-0.0274817052289029,0.151788825270221,0.151182521086827,0.150090435672429,0.23389874358463,0.0429589223873347,-0.115253441121415,0.159173620347228,-0.169859569505223,-0.0733448717340723,0.0639305537800559,0.339783206003232,0.0633618429322702,0.163046172937444,-0.0316081441086714,-0.13063014041633,0.156907367766468,0.124994327126547,-0.147539645032306,0.0963400112136238,-0.012497284740019,0.197204569821872,-0.132311169543545,0.146061893242019,0.0225647623160321,0.158320721298434,0.230870874474004,0.162989087274509,-0.106903958105712,0.169564784421172,0.0376961922916419,-0.0743995786296517,-0.166600762811587,-0.106464404561811,-0.195986045103776,0.045328201303753,-0.0434467188731928,-0.0749072598013091,-0.013345219971995,-0.0604368800225793,0.0371770873098782,0.0639210056342832,0.141532157364262,-0.143672445702106,0.0038075735024298,0.165308294374821,0.0812963551574143,-0.109826514771346,-0.0336526448761218,-0.0041847494945924,0.0018425326044366,0.183473020321276,0.123863127830671,-0.0065605841561734,-0.128705559472948,-0.161595540194427,0.0059740654148428,-0.15373895784469
0.0,-0.0539704390488609,-0.0189110072746992,-0.0742316680530538,0.135114977041168,-0.0232822742917026,-0.152352973177354,-0.0067562138712501,-0.113584776540124,-0.11690975695334,0.0989993230115552,-0.0661037538981855,0.0944385834512767,-0.0965687275450436,0.261737594089648,0.0458903789937271,0.0200768517529222,0.112740024665459,0.0645373689766847,0.0259515353932244,-0.0077537180666848,-0.0838756028825924,0.0717822041484067,-0.056916931339224,-0.0566748302009083,-0.0323087887203105,0.0702787774488812,-0.033791795286223,-0.0179336716024077,-0.32432321068172,-0.0210935026635955,0.0332764576917112,-0.120360745775893,-0.0552516488631839,0.0923758681902933,-0.131594814709552,0.216835910818066,-0.306439389942353,0.123788637746924,0.177515586747416,0.0180016448208035,-0.0687848038006959,0.0322836597294329,-0.0038919142286268,0.0235735469327135,0.369444670033859,-0.0643427262587147,-0.0920476454452592,-0.243453988674138,0.0731541842906131,0.0178817593922067,-0.246389854263245,-0.052365980501692,0.242572242537164,-0.0992829294896694,0.180835155048021,0.192504638401715,-0.11070602511646,0.0081660817833305,-0.015567932355019,-0.0122976098772084,-0.0474090859357794
0.0,0.0579467048482976,-0.0861478422279717,-0.0918189083386911,0.0994931587399609,-0.0141404095394512,0.0455433123871982,0.0998174713224468,0.0803796859622669,0.032867385358741,0.0086287982917848,0.07630623394496,0.18038141137465,-0.0903411355204889,0.0650345092995801,-0.210613337719364,-0.0465451910850175,-0.0306423860411799,-0.21562374784035,-0.100163794956603,0.0076137266353743,0.0748365584105099,0.0313521665659285,-0.063515038507758,-0.0354611898075657,-0.0058598352044686,0.0499871634339503,-0.12669341363208,0.0916743791038437,0.293783998277256,0.0890081254249958,-0.25934152421967,-0.235340433610388,-0.0514518147534472,-0.0106306321768087,0.172880120185359,0.0430102418700841,0.151233345117157,-0.166261657283934,0.0205034140520006,0.0098839263401292,-0.0317675055355088,-0.12623612868138,0.110101334431268,-0.0735714099868165,0.198685262332484,-0.118426273409477,0.0529910587412542,-0.17079679403235,0.261505613267936,-0.181665293411112,0.221095262012125,-0.0484455116904013,0.170095172805917,0.0117856073120093,0.0524950734483986,0.0692407050395361,0.0449057707988061,0.274117860092259,-0.247131994150831,-0.0127751105490223,0.0858902075763684
0.0,-0.148629104787598,0.13090016617043,-0.015647532364523,-0.0489835525886922,-0.0966579805263738,-0.214930753077302,0.0375441458387895,0.0589610715912952,-0.121268678062762,0.186998737624802,-0.119799793960035,0.0234439569937239,-0.197633139596097,0.18086005350978,0.127514712604608,-0.057594707575499,-0.178950455294451,0.111863697756131,-0.0439266200994195,0.0142184721043022,-0.0398587843041897,-0.164907473707865,0.2583025973269,0.326869118081104,0.0866837347022607,-0.163019009527683,-0.245825622821791,0.138658870642414,-0.0687090589910709,-0.0353888209928357,-0.0436519789889704,-0.131449973528299,0.224341753234896,-0.0260450069859958,0.127708887640963,0.12590788984197,0.135327779852877,-0.0087314017450209,0.149477854540091,0.131297120008869,0.134777096234319,0.002881232669298,0.0822667357162355,-0.0090475138703542,-0.0242074929151813,0.0987497647203681,-0.266547513998365,0.0073694157185792,0.008104113858779,-0.0703497455871367,0.077799898831024,0.108530315056305,-0.206557656385378,0.0392348740818416,0.0150823508696674,-0.002305595841193,0.118715973658636,-0.0004873965926428,-0.016129398336305,0.143689763707407,0.0630467447579568
0.0,0.198738684274173,-0.0417204109340855,0.0286118356832953,0.199053919439959,-0.0929992843897831,-0.126996769684371,-0.0742774635905418,0.0059870335009293,0.0039451384565949,-0.0031439105854189,0.152974702217947,-0.206260722451074,-0.0180531772994591,0.0385268047215124,0.126003016193061,-0.0695257532454988,0.29934781139087,0.176301398250222,0.0759104797320459,0.153697510523697,0.203796652940933,0.146733543314704,0.147573623479472,-0.0348559215378947,-0.354051965519673,0.232514888431778,-0.19747893640925,-0.120349262102775,-0.18362497655312,0.105264306568955,-0.0732657149742606,0.141365059287123,-0.064852532631937,-0.0672075247465326,0.173660216216965,-0.0577990465080253,0.129789941391191,-0.0006242176770017,-0.104535539508699,0.0091146877863593,0.0237386324635445,0.172629158053469,0.141163302533528,-0.029492827615891,-0.125840306264051,0.0935655887710825,-0.111263815515852,0.0079697368525305,0.0568652374854122,-0.0330011857568871,0.118213001933802,0.12202015615081,-0.013230937123313,0.0318986661910975,0.124248156240481,0.0724197634319995,-0.0083225828022412,0.0858336959856014,-0.138318593477383,0.0193471538455521,-0.141569646703182
0.0,0.0307136194227484,-0.0353862168826167,0.174071741977062,0.0396652914299216,-0.0159873000912175,-0.228374454502058,0.0248071445983805,-0.0493227402291214,-0.0180849603296126,-0.0542668499599005,0.0090511536344603,-0.0327621772386523,-0.0435365968689193,-0.0026887084607072,0.0757053288983636,0.0047942791981462,-0.0369812547720941,-0.0089812493836179,-0.128002446309581,0.0617560654194256,-0.0187570927493433,0.0484523235546132,-0.0762236365479869,0.0161987076306226,0.135879967675914,0.15473926795615,0.0494992800743328,0.0260192711415119,-0.0089038234276985,0.112036013372114,-0.0726213647867414,-0.198764619708279,-0.0046511205289447,-0.112655050398991,-0.234095767068534,-0.0191623434118532,-0.160460515129294,-0.0673474094398491,0.152506831637326,-0.0248586548542571,0.47005570441906,0.0834161626705157,-0.0149270911979374,0.040075314977553,-0.0534491059820336,-0.11534154060481,0.0747530056812795,0.486129481537644,-0.0944127666796123,-0.157413166205802,0.15633955073392,-0.0897047917055024,0.120118758042569,-0.083047074229671,-0.0544940102271586,0.0753046677072153,-0.152852194783549,0.0665996167778645,-0.127161431351562,-0.0017595198105964,-0.122684081806258
0.0,-0.0640359776297249,0.0527383816352525,0.20616027159323,0.0543479487359368,0.0560067023298328,-0.109483703134637,-0.111231460543414,0.129652430041758,-0.0196650532337722,0.103697543359756,-0.0379033009776928,0.0577270470836263,0.232616829742874,-0.148369900424954,-0.117131926649361,-0.00962062849091,0.0129030742754683,0.0111095146715148,0.194551669783626,0.115955275270617,-0.125618499620069,0.122188758156119,0.216860264086486,0.0764367768337315,-0.217935012334788,-0.111590612864358,0.0295474564695025,-0.214526500391472,0.1919141303203,0.0048816807273027,0.102814053631251,-0.273162016228133,0.132128956192967,-0.0809760547826839,-0.101404229672305,0.105961753739425,-0.129073130577595,0.0461907557401552,-0.212432658731912,0.163944780720132,0.0208593321889485,-0.106247901083296,-0.0165353627873242,0.0236732512961529,0.175352988108315,0.0570073830585942,0.174445631970055,-0.0185178505681802,0.214525336053404,0.0753209727028038,0.0425107336496064,0.0671062726395202,-0.13670658411028,-0.166804811901471,-0.0511234332457694,-0.0041992183037527,-0.0312980579860863,-0.191957726632004,-0.204338085828949,0.0834009317569564,-0.161608804362888
0.0,-0.0679168000037522,0.194024591211814,0.118703095763331,-0.0244656942042565,-0.106031507940647,0.0184551407728522,0.073798347457826,-0.0834475288036396,0.281828106780606,-0.003900626294556,-0.0999261972022348,-0.0260668270266402,-0.0792053323658061,-0.152967241740195,0.0084233734803702,0.140220374294576,-0.304310564239162,0.195045782830975,0.0060898475053569,0.159486520018494,0.0991985643294797,0.0672223194516505,0.168511151844116,-0.6093245461409,-0.0911442947313219,-0.0513073473580775,0.0074408186300194,0.107934127164974,0.0222054875386543,0.0669213334820095,-0.0576274936401678,-0.0532653848603552,0.0410900393546675,-0.0957791705428266,0.0002934419329418,0.0873580678368572,0.0696348177023767,0.0731045525548842,0.0867109044870469,-0.0636500527959964,0.0176652140834539,-0.0505560343584814,-0.0475008160614392,-0.0477688593154307,0.0078700819329932,-0.0245211126236858,-0.123190997052432,0.0268762048190838,0.0166304682050655,-0.0625347714355513,-0.112533501749568,0.0140252896973901,0.113300238725872,-0.0018315847334327,0.0663301030084777,0.0804329627932367,0.234665224164856,-0.104876676471808,-0.0403369216934755,0.0535239758069548,0.0089491440449946
0.0,-0.0636159281936659,0.075004062413296,-0.101438177069499,-0.0140244785586658,-6.13907689373319e-06,0.205672779862855,-0.0507839424752511,-0.0851266283309781,-0.1080511322198,-0.148763233110728,-0.111892348078125,0.0207378780850726,0.0263854294774153,0.0664279088806822,0.017178593215106,-0.0423332900462474,-0.0398245092365366,0.0764653405381993,-0.0016942852737452,-0.0435406332308095,0.0668852245639693,0.246325401454346,0.0135934793309523,0.0311572032093812,-0.161642861752884,0.103057286265945,-0.109993440011066,-0.0086977711743457,0.195369634873245,-0.0162248353472428,0.237919497185653,-0.253793005264565,-0.139722812589185,0.149530888855144,-0.317548107605045,-0.27750364220088,0.172134496483789,0.0344744967097699,0.17095551097081,-0.049154578708742,0.0611824143225987,-0.0774094132905927,0.155465650368673,0.0142924404359199,-0.0196655399608024,0.0229582023482401,-0.0507877275473332,-0.206828014654266,-0.209395477972046,-0.250438742493576,0.0949153260504243,-0.0256625677052827,-0.132841904234165,-0.0409694023359176,0.116519140794651,0.0601065794761018,-0.0287181446826713,-0.0565633769896454,0.152151654521182,0.184873626569504,-0.114384897346572
0.0,-0.0972253835178574,0.0402570114227245,0.0507373719873105,-0.0446101042808436,-0.070367038382193,0.0326661429845123,-0.0840722594736299,-0.108331245472096,-0.0002821147594068,0.127789589075141,0.0030312567770469,-0.0436635853937687,-0.0082005422217758,-0.254461330917797,0.0085914011316113,-0.0124830102901523,0.220583058268947,-0.20730349377403,0.14071073722514,-0.162804043090236,0.0441669568433454,-0.360782644214687,-0.102184106942884,-0.0933096790807162,0.0611205701904512,0.0442787837456959,0.0259799727205548,-0.0559841932074286,-0.038578221354198,0.213671129466582,0.183158585851716,0.0268135337728234,0.187192642037724,-0.0369886095825275,0.0467099013151299,-0.111922985436702,0.0902483183373337,0.161834250980552,0.019953189779561,0.132208749710734,0.117277978475653,0.0121002369330693,-0.0056514711480648,-0.0968465707031654,0.084664999685724,0.0745039205092028,0.0512483115355133,-0.0240007525302208,0.0121144565497951,-0.118130711507709,0.0451988714648307,0.193969156292667,0.210408379789485,-0.240524234144362,0.128827852786373,0.0366504885213568,0.0331294360196451,0.182756468991759,0.136316233198967,0.350586102850993,0.0612063693195925
0.0,-0.0997144371256599,0.0503699042615316,0.0769379609783259,0.0402578392254432,0.0330654395656604,-0.118559109975244,-0.0678175746551396,-0.0516184988960845,0.107902857858052,0.0918136650806326,-0.0073193131631732,-0.248244302157051,-0.01616819717617,-0.0508463159942332,0.0429032381339588,0.0418821528204544,0.0449215927649118,-0.0378504882967794,0.0021395341373163,-0.010625625076537,-0.0773432929117165,-0.027590908242315,-0.241220409744708,-0.0384170444021594,0.0766689233005243,-0.154874977692914,0.0443681602974735,-0.161980598785054,-0.0640576267239651,0.047776422177023,-0.319688247746718,-0.0472208444784877,0.0767335924556282,0.046297215419218,0.0602258992172186,-0.170261630880162,-0.204355274193251,-0.103199397282905,-0.051735908445694,0.0654420824451262,0.0268359199921429,-0.040899643141664,0.160288110175002,0.0468244226032014,-0.203020783594659,-0.0879568047567019,-0.118413223861294,-0.363862969594231,0.0069430143257984,-0.389592813377194,0.0843572922619674,0.0200950524589723,0.0173175430246792,2.86377353742942e-05,-0.0813974653167469,-0.0523661372589801,-0.0767039434849662,-0.346796008387095,0.0072787150010897,-0.0969547784762711,0.01488764424677
0.0,-0.0186730145557451,-0.0042066814993283,-0.0258015872103885,0.0372524508063688,-0.0676891448812109,0.113374037750968,0.0155568625671954,-0.280717891627688,0.0268092696050065,-0.0175196899916954,0.089912100086633,0.116676245382401,0.0284444495420541,0.119698451349283,-0.0802580067889909,-0.0460266510363165,0.0923735127112549,0.0120069665586924,-0.166581136142948,-0.17693925442668,0.0489588797563909,0.185558378272567,0.106113612584482,0.052568827212631,0.106945379014095,0.0361159639789437,0.0375727952357244,-0.176635676735301,0.23197454592366,0.158338594651476,-0.2030491075506,0.126991036287037,-0.0692064195264057,-0.227859798363775,0.251201837073286,-0.100783717173567,-0.121073105189103,0.107794418398841,0.0111912809720611,0.0735045520929006,0.185518741754666,-0.0281535966850078,-0.143785040562219,0.070260306080798,0.26711450690751,-0.0378424105947858,-0.175489340687845,0.104367367912431,0.113400997800228,0.0211259757384498,-0.105287190895067,0.0574957545309938,-0.139672456775618,0.129025488601427,0.039290241640121,-0.0321608628146173,0.0323585250192359,-0.203934592994773,0.267880007877998,0.139978929739912,-0.130431885645457
0.0,0.0394971939456766,-0.0063040073308141,-0.0142104937416166,-0.0266554542127965,0.0007932384247953,-0.0211713484784228,0.0400484221857447,0.010181037665604,0.0167835302362187,0.112311578738479,0.0663336026962337,0.0477984269855067,-0.0627235218306576,0.0398554090060016,-0.0900343152733034,-0.0306595052610186,0.0071717956772312,-0.0674644060399329,0.04040601805662,-0.0119012192109872,0.0101899631790227,0.0048256613631092,0.0415669791891547,-0.026743749235158,0.0696964998935976,0.048284531140548,0.0268725044640915,-0.0054263128927469,-0.126005737634197,-0.0905350901649452,-0.0345569426410049,-0.234770167404912,-0.0456638938908122,0.0909754952343622,0.123103259957373,-0.0483916081318896,-0.0312901024912687,0.0853355444008591,0.0793618341800095,0.0222512517172439,-0.498022050012837,-0.0167486621966518,0.0818093993934115,-0.37778002375993,-0.054275498459128,0.137771942125231,0.0558453702795102,0.436836618598936,0.108954608380589,-0.256933917121777,0.0490149681265533,-0.0383000549138895,-0.0136088994955008,-0.0133186622245143,0.037856875068747,0.0112599488684139,-0.0677538625563872,-0.183577266444103,0.214351192475041,0.0064967332388696,-0.198619378037565
0.0,0.0616036966724237,0.0939379485226097,-0.161871933038136,0.0334798021861339,0.221845748559946,-0.0975467284947277,0.262522647453642,-0.151655575432094,0.0101548964544342,0.0293760336818125,0.0558426098745302,0.0667038686604926,-0.0014519976737385,-0.0798978975986415,-0.247867876103532,0.0646656429067404,0.0421281601413373,0.0268813471757141,0.198617663762921,0.0381036728201963,-0.163219672539554,0.0745360018289569,-0.0678564337435809,0.0179368988699137,0.0123431620930196,-0.109806160230439,0.162382669412258,-0.0252166091054494,-0.0877564098694701,0.1071189296917,0.0032012199151132,0.208120327975901,-0.0313270460056838,-0.0868929180985258,-0.229852074820741,-0.0031399003188613,0.0054269336073042,-0.129892180922359,0.274491638235208,0.127784215827599,-0.0028666879974653,0.0873022737985356,0.205029317657369,-0.14338579945137,0.001219506802881,0.0026870211672596,0.006620203017546,0.0103275704286002,0.0222088638391985,0.195986942439059,0.296766914551252,0.126283091097122,-0.0482019167923519,0.263486394704471,0.129673582777583,0.106921512975584,0.0933782112569434,-0.134854804492718,-0.0920400047164928,0.148010589445014,0.0780865068171235
0.0,-0.109289317037293,0.0852133147256204,-0.0085698311522816,-0.095020732722305,0.22200920662234,-0.0167459409294018,-0.0218490804620925,-0.0135282554014444,-0.233464840695328,-0.102635751027661,0.2162709265354,0.203050825592227,0.492941678486072,0.0522301585696901,0.139399710466971,0.0694209696250329,-0.0347012639585615,0.104201736951928,0.038043797058512,0.0298184857193467,-0.0929419545959048,0.190291261587667,-0.0636415623886951,-0.140908443135696,0.0991645089513482,0.0160048264728367,-0.049984130591411,0.120510822306462,-0.0060034674136675,-0.026075457857987,-0.0370119267733175,0.106741924116613,0.247002082260024,0.157004824023474,0.0642077446775243,0.092684824158159,-0.0551600899707353,-0.0512408531621572,-0.143192218173562,-0.0338768459853436,0.0321070865638943,-0.0169059623202592,0.0860048359855208,0.0170652556098209,0.0121061507746687,0.0166490583960165,-0.16197831684596,0.121106333787388,0.036845842988313,-0.218684220889541,0.063076057249053,0.175687923167992,0.0458273654183877,-0.0352136546171212,0.244343821691203,-0.0960919552983337,0.0422793170383446,0.146706696963673,0.0746406579763774,-0.0896938778381914,0.0738268732128311
0.0,-0.0636222336368956,0.0210309521222907,-0.0423778025092846,-0.0653584064375431,-0.0599320990418275,0.130711719231815,-0.0541962406431304,-0.144230181098193,-0.184421864364034,0.215939735126178,0.0122700434590347,0.0028379984530382,-0.0165469091393514,0.278781159024464,-0.106495753609233,0.0449077580043658,0.076622805495656,0.0435278935425902,-0.007787912386811,0.0342325846101863,-0.0273691713356966,0.0342305531116517,-0.066258257958842,-0.110445759795289,0.253128218258184,-0.0404350069011929,0.0675606908535539,0.0141215157496508,0.0654389800924835,-0.0383431022040295,-0.151055438754369,0.111816722772353,0.0050307531661749,-0.162239154800538,-0.129575258676652,0.0709729884282254,0.0960836117995549,0.211944486633953,-0.159974773730318,-0.0214042529208652,-0.131251025694551,-0.167842532713815,-0.0303483704242074,0.107780199694004,-0.255370723362326,0.190236258618963,0.036148524269428,-0.0146741544493068,-0.155148166898835,-0.0329483008875093,-0.0277755414467419,-0.0141477563146186,0.052238698585808,0.0232437996849637,0.0067199841152106,0.0136822920882722,-0.0555168909471635,0.0701792997257425,-0.416633181704099,0.242562915136225,-0.272994872614845
0.0,-0.0338875050397579,0.0142933907401074,0.0415591243216618,0.0363553936083052,-0.0006550630232954,-0.0567831865341757,0.0041004760323486,-0.0421838770114231,0.014617557496697,0.0387487970342115,0.0333706568069922,0.0529774387671432,0.0166293060996545,-0.172688604846208,-0.0067555747226633,-0.0112653227910458,0.0336048592430568,-0.0404072987420111,-0.019676237462125,0.0569558350191165,0.0258734105172686,-0.0141565588911672,0.0379251740079665,0.0055084637232081,0.0267198668245989,0.103719764065616,-0.0359961571354814,0.000320985628689,0.01000886019614,0.0972091422874046,-0.0389431117490311,-0.0527223959019745,-0.061095728341541,-0.198036341363165,-0.106808721122938,-0.0057811824735886,0.140855235368923,0.0096617643446466,0.107022028463183,0.0895348058054436,-0.366308711624151,0.0782973651322771,-0.0208925943704075,0.606306060116325,0.15941363860451,0.231715538188395,-0.0881403684571352,0.131730895250771,-0.101585259166041,-0.141385157133817,0.050676778325213,0.0231789237705977,-0.0217065968498396,-0.0104044321295036,0.0225848482631,0.0173278815949061,-0.18988279817838,-0.0836494635593235,-0.020807569170002,-0.111530892177206,0.349597058162271
0.0,-0.002161767877549,-0.040425212462585,0.0729371122894521,0.0497249703513837,-0.0577600398817282,-0.0606948565405906,-0.0348312295514892,0.0679240046766843,-0.198250017877483,0.0914420360523623,-0.0461844877418336,-0.050384101778564,-0.069753051361647,-0.172178026269638,0.110921294280956,-0.0120792047530308,-0.0355326145346479,-0.0231285080566676,0.0155389431384139,-0.129286506635726,0.0161574533802678,0.141752854088713,0.0003388916060826,-0.0553341143724282,0.0743721169158924,-0.022640034240463,0.0201146023203977,0.0102279728556293,0.110944780698658,-0.0478578879180004,0.153635282057738,0.191784774856184,-0.012512896065445,-0.355861807843684,-0.154298768414891,-0.0867944432704215,-0.292495953201148,0.0908139743046354,0.143724864174657,-0.0869534120760081,-0.15263674492769,0.102901002152817,-0.145743177222153,-0.195580031141796,0.0306619790947262,0.0681847774354252,-0.111387911318886,-0.139499957868252,0.150077998368782,-0.241724228965351,0.106137253319686,-0.0295405682370248,-0.256753111542056,0.0187192908580911,-0.10820258745254,0.0317628998658998,0.168216743155179,0.318344332274782,-0.0537152649544777,-0.196951122224085,-0.0181822920246346
0.0,-0.0861990949588754,0.0629373306722003,0.0805128547010114,0.005873656965093,-0.0017027182572228,-0.0570309122819582,-0.0301476625723668,-0.123787533464802,-0.126369464241069,-0.0805510408168619,-0.0151687370751736,-0.0499647578316244,0.122028874078789,-0.0374954968634121,0.0131732102611105,0.0358614860826966,0.0760372142418652,-0.0254490370177586,0.0043619046620475,0.0783048723361817,-0.0319189151714407,-0.0256563830168209,-0.0440365443121442,-0.036765860377053,0.0711229442634035,0.0573506533946472,0.0334502517673336,0.009492284503818,0.0410206095443628,0.0644821364331982,-0.217758927695709,-0.142572236276513,0.0013882215648797,-0.118205995947808,-0.0388752359148912,-0.0903223721108805,0.317488401901561,0.0035500069878726,0.0956107477360944,-0.0324751843239312,0.110179026607433,0.0567664674616439,-0.0183072347851844,-0.476701686509972,0.132073728547574,0.230568360217342,-0.0015429949056018,-0.0959678732080703,-0.0907511248297986,0.124117621885846,-0.324384246017752,0.0630268203041894,-0.16575189706337,0.0025040736585192,0.0104115035032983,-0.0484205096090556,-0.30041553916764,-0.0305148352933282,-0.131780313245893,-0.239933419432676,0.180764118024847
0.0,-0.0982105107035197,0.0425320275988705,0.050357113354633,0.0738375047433476,-0.0619690266955351,0.0889951580572463,-0.138817256797003,-0.108412377758368,-0.100142573960728,-0.022119645073929,-0.0990617052707848,-0.119782026299138,-0.0281635284641635,0.0843600513806738,0.0609812076527293,0.0356232800372902,0.0727426819075589,0.0111089357430592,0.0095142954203951,-0.157119509361788,-0.028528306467952,0.137778394853271,-0.159101053200757,-0.0109553662640423,0.0624156578631432,-0.134894376631513,0.015419305167486,-0.104130760776512,-0.145212935864046,0.129334286659047,0.0215131260657039,-0.240356005707429,0.126576238242806,-0.0521533852020971,-0.0704470582318378,-0.201275308036905,0.211443854725563,0.126840180261549,-0.100717705386671,-0.0477626218865459,-0.190191033946976,-0.0181359074433395,0.13008198770056,0.0575285577442229,-0.0225901401036781,-0.460729560888413,-0.174085889868692,0.223109208829839,0.17691084237003,0.285813752855265,0.0466769450948765,0.0237640750857787,-0.0703007308551803,-0.0474378531849548,-0.0073306083207105,0.0339052072721135,0.17855003093034,0.0646413209668848,-0.0945063452222336,-0.127347250407491,0.114824983238442
0.0,0.0371616680915193,-0.036382502161136,0.0500472879659907,0.0723360177365057,-0.0285423239780332,-0.0217475240887599,-0.0557046113515315,0.123213601392743,-0.106162320945743,0.158921516502655,0.100284289295106,0.0227583389817006,-0.0156425508889665,0.159038287255309,0.0476196527004574,-0.0202734887092552,0.129048611823748,0.0604060482402686,0.0478640681305401,-0.0088426744186453,-0.0453857541424422,-0.160106679490885,0.187779721959178,-0.138062109619577,0.096172323370296,-0.0243081289783592,-0.0532443788308553,-0.0031611482648451,0.125962970115333,-0.256784102809276,-0.020504865765626,0.243586479709207,-0.0216749390671598,-0.117766291840854,-0.313301633454239,-0.0203119048885256,0.299658771910414,-0.175376970785602,0.0372189835339705,-0.064294854179948,0.0502202802922046,0.141479297492134,0.131337511118725,0.0416235742619482,0.0478931177636441,-0.287092832700606,0.200001230909601,0.0317898607016446,0.288958520475351,-0.196129832750744,-0.206455269272517,0.0272176428261798,0.0561418758866442,-0.0176300880369684,-0.0253920618094991,-0.0459673665131616,-0.0147396642946878,-0.1776178202818,0.15264564796025,0.0448887521109666,0.0296150528166206
0.0,-0.0469395334640887,-0.0001098571920024,-0.0081617583387492,-0.0996047165685032,0.0271354703321905,0.261819944963213,-0.0554970328832217,-0.0982538070677747,0.366817082608613,0.132666026870624,0.23781656237151,-0.126528607249487,-0.0338035494052003,0.145255829254801,-0.0881689312563232,0.111594657146146,-0.0110849264105472,-0.0877093405764775,-0.0703820210772838,0.301787683815396,-0.0905846196074308,0.189661716798607,-0.0463711682860833,0.0504027931090663,0.0984006864719946,-0.0431141799362388,-0.0108604090324065,0.0245058704599922,-0.218723871146559,0.0195292600976982,0.169586845079383,0.0227347426839154,0.148602044338273,-0.0922722031853326,0.048888824890383,0.157661185215992,0.0750369927184674,0.0464566850125063,-0.0273499578610407,-0.0405288719224843,0.0917975536234996,0.115327448440426,0.0295335017731346,-0.006826906499522,0.0855636655794348,-0.0692160507651854,0.147610685487125,-0.0669878273285697,0.0548922500335987,-0.134769559294935,0.0651307480756788,-0.111861611997387,-0.358041000324682,-0.125977891093189,-0.0135938160883129,0.14573296199653,-0.163421698669751,0.140071854867611,0.0971150448879161,0.0316447903354647,0.083023290929753
0.0,0.216678572478671,-0.0780856618531962,0.018337270389163,-0.434443027215265,-0.0269536104048104,0.0508687395223793,-0.0409568155368537,-0.173779969907376,-0.0338241260944501,-0.266790872858462,-0.0044814511925816,-0.162620878189314,-0.0860922668453594,-0.106849143085484,-0.0393179259436636,0.051683516261412,0.0361287903537324,-0.158295371733045,-0.061623887519227,-0.0803035782854374,0.0053331158976348,-0.0009288599275111,0.241963631798602,0.0270630579039523,0.0506258373305617,0.0480923332129093,-0.0488236699610015,0.0750640379781546,-0.173097183102867,-0.148434874401787,-0.137068204314354,0.0411819837463918,-0.0868498578249073,0.242697832728915,-0.188705565093103,0.0003910584634121,-0.0058725089664458,0.125895786672836,-0.074947421816549,0.260584051383651,0.0298164188502012,-0.036748035597389,-0.166744605155495,0.0060892041883823,0.10883325154487,-0.0871617943311303,0.0007711878536505,-0.0014612059564041,0.149946982957352,-0.157055019745014,0.0185016324654454,0.208984479105553,-0.0990548383013656,0.0353788709570427,0.0584115598146266,0.0637802548520839,0.0761807163303079,-0.0573337460092709,-0.235438857134125,-0.0574784907162257,0.0322489393548912
0.0,0.0817675394879098,0.0012669929162792,0.165304133968064,-0.0736067715284447,-0.0324277015834423,0.14804205363237,-0.0869370320842594,0.23037357902888,0.0001527899235783,0.17784243930515,-0.137086918058396,0.0745141246603467,-0.0763171321818264,-0.0350543665075027,-0.0120583321488722,-0.0057946767177753,-0.0236948372237846,-0.0068254615965873,0.0837024914126345,0.171415054777021,0.0750111755005393,-0.117223183211044,-0.172969954812502,-0.0041592508510845,-0.0251516969563514,0.0138028879207745,0.0930260521617122,-0.0048866423889126,-0.149893837691769,0.205564946365567,-0.227853755451634,0.146291228455735,-0.0886858657895868,0.118912507103226,-0.231506659632765,0.0597131871453099,0.0947704758981123,-0.144938163749255,-0.0813855980163375,-0.016665956635082,-0.0022403366657547,-0.132948274046802,0.0564156674367588,-0.0001497531083425,0.392451470308917,-0.0112722349145381,-0.222830818742289,0.0545873606513828,-0.143201001139233,-0.0015632398858818,0.0996759255006657,0.0352569780947303,-0.176878699144322,0.001173972279042,0.0037574258960434,-0.224061230946296,0.0531430906950509,0.0919304289346551,0.123156624843867,-0.0590311889996395,-0.305126960486896
0.0,-0.234740713529568,0.0387734911413148,-0.0704260798666478,0.0206936464133468,0.115512512723677,-0.0543173889433372,0.0220158929934654,-0.152667099698597,0.132018387566619,0.0152965954680579,-0.0403836423240788,-0.0821825010689065,0.171168814468479,-0.0076015522098584,-0.0219183047328152,-0.259674360769038,0.0066171082440071,-0.160916240938163,-0.130753192584845,0.27674668784799,-0.116118868760577,-0.152291269968783,0.294659020563015,0.033453331821744,0.0448812315438348,0.0835000936899903,-0.0532995571783069,-0.285290753034715,-0.0270487158454734,-0.0757464564066088,-0.0273584375243901,0.101309163223544,-0.0373121022444048,0.113868546224596,-0.0707155627402872,-0.0790647122507152,0.0261985066882131,0.155107427394246,0.183737111685443,-0.330696461513169,-0.0612983227215902,-0.0398346781586714,-0.150135703401515,-0.039990808764434,0.0129527867737387,-0.0958787364338261,-0.146581558244575,-0.0358510059764996,0.0617878271346957,0.0541134254282748,0.219013373496031,-0.0836569329691768,0.1268203363699,-0.0463144301695445,0.0277381173563254,-0.267227554854189,-0.0035824871641099,0.0598711748243812,-0.0826798762484577,-0.0231625808204044,-0.038505961625959
0.0,0.117386008053456,0.10542940076978,0.24749377743294,0.223204307003298,-0.101817128539845,0.0286055361700008,-0.156875849317845,0.0859549049404978,0.0994084657147142,-0.0937030159806031,0.0252864608527249,0.263463948074131,-0.050126417213832,0.067656830522932,-0.0284390509006224,0.0936417838900751,0.155103012733452,-0.0261870364164014,0.216370996355351,0.123884974020644,-0.0922404740858155,0.0792491504307063,-0.0077376790853187,0.0635532049676895,0.173452464889717,-0.154816603023477,0.0346767908991717,0.0850416104379118,-0.0923399365813087,0.0862819570789249,0.0779395425357564,-0.0332706303109824,-0.0473755618375862,0.280413363925423,0.0430714216880832,-0.188542741983591,0.0610866134344347,0.241040392512225,0.148499907773548,-0.15818148785158,0.149113945126834,-0.0214199253894962,-0.116520615928863,0.11110372197303,-0.0484704335253038,0.209055358764819,0.0434915721954576,-0.0180871294716577,0.215845989942688,-0.106427682119913,-0.0323420010800009,0.0589638972745695,0.061636688600083,0.313596211178138,-0.146060569618733,-0.0407022330886529,0.0858192675125033,0.0219826962303843,-0.0337410043528601,-0.0352247490602335,0.0464716200067035
0.0,-0.190187420242667,0.0515892963303974,0.191428980926896,0.0148395768194861,0.166229377522415,0.145460734763208,-0.0805584950494033,0.068491521950651,-0.0993949076430322,0.0444743569999298,0.305149318788615,-0.119113534876315,-0.0538824822793523,-0.0506063499366473,0.108373667460685,-0.259779574689031,0.142105728666019,0.0328336511935141,-0.0603337223891007,0.291468494460122,-0.0387221446500066,0.0165027232903199,0.0253704614111463,0.0200657576066966,-0.0563860414389679,-0.0074459577712418,0.1980132257505,0.118852822565932,0.104218876878677,-0.123380743443432,-0.159297530095676,-0.149512318601075,-0.216948628921065,0.019254100840845,0.0016442582023257,0.017730986067946,-0.129962448378853,0.109251247872315,0.104972078361994,0.316759571823747,-0.0451899071280486,0.0189764811058199,0.0861163471547,-0.0306032605239057,-0.0283067850168271,-0.1157070821545,-0.0108283368221371,0.0033038481552364,-0.154697029711955,0.0566094310852323,-0.139064917823322,0.0334182095974789,0.0530952386098998,0.109275115782765,-0.120013745852853,0.0311071789213707,0.233446677601574,0.169770220979738,0.0843048447734307,0.137010201226555,0.13219704669443
0.0,0.0882087966105991,-0.0744644365870995,-0.101033695553158,0.255242549206784,0.0012096089389327,0.154869767256895,-0.144167938799681,0.135282997642994,-0.13468721894693,0.0547077278549367,0.256053729264818,-0.086230063928521,-0.0415780990456518,-0.129759847614368,-0.145284180866011,-0.174687407936621,-0.285391208470499,0.0267196406280746,-0.261069605792401,-0.185897223091989,-0.0708886474548978,0.0941324818515145,-0.0058968709879859,-0.0822234765666428,-0.0120077813654582,-0.0661141665464425,0.1011785010424,-0.0211669625338422,-0.208078044677941,0.0331612680718371,-0.0710858238998094,-0.144395428298612,0.114006210958529,0.0414359027218766,-0.0415577815515147,0.075960614502257,0.0914733629998155,-0.0593337765688151,0.205771497726596,-0.0672508625662678,0.0184475296240031,0.132030219770038,-0.216661033139139,0.077008452002196,-0.0813564062295612,0.0533460008791553,0.0880582196922297,-0.0927882736497486,0.0222362064998257,0.0640519330823845,0.0108320496372648,0.404230874104719,0.0046363783754892,-0.0675741132188868,0.0252620402048433,-0.118130969039162,-0.0516221769604514,-0.029663030496293,0.0125076227694843,0.0220944017618622,-0.154727469100185
0.0,-0.0292417351770551,-0.0054101455950434,0.0149630770966865,0.144080650909355,0.176612508043263,-0.173451732645122,-0.107610832388229,0.226935366522895,0.0335984160967536,0.135471620043996,-0.133806020393362,-0.282576365307758,0.26937608522627,-0.0022765185978126,-0.346670425408183,0.222824801030508,0.101343059929443,-0.0457862275550091,-0.15352030597896,-0.0651775789190157,0.408937193093661,0.0157395449273822,-0.0566981079900638,-0.0500348950401933,0.126365414978804,-0.0022263486156041,-0.012805588188229,0.105195640011873,0.0128652462179297,-0.260061643219749,-0.0005292800679053,-0.0265503605340282,0.0676149547203602,0.112817727739943,0.0245315661448226,-0.0551948826150198,0.0342207572887441,0.13541455813149,0.110113803192369,0.103163578282345,0.0665486746267511,0.115632157439758,-0.0671542126855029,0.0519023131127642,0.103776076258472,-0.0034963831277943,-0.0743011825213721,0.0180329576517708,-0.0341451630142856,0.0560076877317658,0.0097596930221384,-0.165223519274322,-0.0788921774062226,0.128630507520209,0.126805393500262,0.009105569356013,0.0525758759930924,0.0075252881843861,0.004492546516379,0.0799211196972184,-0.0185345370582145
0.0,-0.0732239275155373,0.0134036839600966,-0.0608592782434718,0.200687349212361,-0.000969701411094,0.0804472569872158,0.0211571776499811,0.102317164634402,0.126369754455542,-0.0524768838976215,-0.0930213520921487,-0.0560104563067301,0.10389805705307,-0.216855976025001,-0.0151861349721758,0.0801625844882408,0.0435900041469727,-0.129613244788179,-0.0720978879633486,-0.140510532870558,-0.268254072874258,0.113690402348427,0.13360077970598,0.180760864874041,0.207159100464589,0.39898714858015,0.0777129126400809,0.0195437371381837,-0.128268549514588,0.0031360601373689,-0.119391724570594,0.0330234983943693,-0.0190903997182454,-0.0139597636180773,-0.0606380230414406,0.122179112294029,0.0986524975356187,-0.0677657522042699,-0.0375562598857653,-0.0458468912756082,0.0489763601329013,-0.101433563444907,0.254390159154333,0.0321103515577055,-0.0835563147857161,0.186968898498525,-0.0761993038355587,-0.0205448341475634,0.0652166860411493,-0.0105293670757907,-0.20150426781461,-0.112263489516624,-0.0035805504798219,-0.152604451633954,-0.0437118752136432,0.171797148184901,0.366934337633107,-0.0242259740988803,0.010199062245808,-0.0067723809685624,-0.0862444732674722
0.0,-0.0569535473859017,0.293372458611917,0.213340991581106,-0.0094161905302958,-0.224743982248725,-0.016062739412893,0.194606078706791,0.217338836039558,0.0885355814999923,0.0664590692084109,0.0442351120329045,-0.184811116356059,0.190114306003539,0.292448758922448,-0.0054616547969683,-0.288177347374264,-0.131663079377219,-0.0655646041971965,0.0772810119733146,-0.1933845538133,-0.0383045803209494,0.022646123634217,-0.119462346833926,-0.0268200111005887,0.083666601261117,-0.0047590436397206,-0.0071595440578722,-0.113965021668535,0.064879232653083,0.119530714626612,0.0279076753522294,0.118238307724202,-0.323853921560836,0.170138621268921,-0.028914500642822,0.0427675226498791,0.0205268266641218,-0.0527804426377264,-0.0280479605024862,0.0754540501658651,0.0024331458445555,0.0574355583758562,-0.191026431814835,-0.0306124354770162,-0.0513253569336753,0.0647321463060857,0.0124109557806313,0.0391529750271595,0.0444060204130439,0.0201056138343376,0.0569832108623942,0.0201721609741673,-0.0796291927062897,-0.146973154848688,0.195834754018414,0.217161929367418,0.029270329232885,-0.0322382868550953,-0.046436821798045,-0.0321678637814874,0.144255560641683
0.540437445143905,0.081726760212163,0.19911166971003,-0.0690920951119205,-0.071376458223248,-0.134151220775319,-0.100919630171766,-0.25003434963076,0.020478472718501,0.0555503030612959,-0.0271141284613032,0.165882787647337,0.0146340819414326,-0.0269243315633509,0.0501220414090632,-0.0329796637321456,-0.0837033095765049,-0.0238253681692821,-0.0146971598536399,-0.116720040905108,-0.0408259109056146,-0.0715260372599053,-0.0197907838536263,0.0235233904900155,0.035389083233055,-0.0095600340059272,-0.003817103786046,0.136951497654,0.0471516844441765,-0.012452292481986,0.0333225941611692,0.198836862809106,0.0276167966408392,0.0388006980688804,-0.171598575450044,0.0115317750073043,0.0017618432846578,0.103084071563568,0.0836607720544937,0.0219488975992913,0.233514530719903,0.051601702189442,-0.0870040526309456,0.0974367000941016,-0.024174847527645,0.0398416867004156,0.0159743315544998,0.0593480158906446,-0.0617867620667493,-0.0670309124129679,-0.0223616611903727,0.076040601864272,-0.216672893247925,0.160031292986201,0.0762967060837687,0.232767943228131,-0.191524116477714,0.0972646096361199,-0.0779781088917121,-0.0175440172638903,-0.303105783619292,-0.10364164861823
0.0,-0.129621681299762,0.291700510512771,-0.0664011267346851,-0.0226882466822456,-0.168810329872956,-0.0443178981512102,0.107795657616943,0.0895677650484812,-0.150237354383549,0.18995336451627,0.0673048544890308,-0.0443620815823703,-0.0883991332034552,-0.0131119255286659,0.083374579515011,0.490793966089776,0.236274718362265,0.0083928925147322,-0.33780683182274,0.0450478207687161,-0.123534512394016,0.0628851291033864,0.0515618012147486,-0.0239720565398064,-0.128497119622914,0.122078355316036,-0.09577030015544,0.0292415775677775,0.105011295206361,0.0964962491368703,-0.0768020089699168,0.0362473236294659,-0.0323245834667295,0.14429724600511,-0.0805382938767876,0.01577853584541,-0.0355420668034446,0.0537915815648969,0.0113689629611449,0.0041997098753676,-0.044761738752051,-0.13975697304899,-0.136514381234018,-0.0343882400077377,-0.0371894357560126,-0.0058448405024247,0.200099822814435,-0.0200096862761183,0.012495497439333,0.139090752261938,0.222858546854625,0.125389155553633,0.0273533898148624,-0.0207577426080722,-0.10210240135494,-0.0194015258598418,-0.018079085302935,-0.0107418860507776,0.183066459556721,-0.0969571100817262,0.0478392662637663
