-0.133392777012734,-0.0632247432486239,-0.0362870666644013,-0.137346029442393,-0.170680717662771,-0.241755852362064,-0.0893696891575274,-0.175812458607758,-0.196444324238156,-0.0675028416583343,0.0572482237961643,-0.164448376238901,-0.0479286682519806,-0.109073447339628,-0.270269697721638,-0.233079529135449,-0.185738574255701,0.0014359329298912,0.0612602184436789,0.0024311182951444,-0.064637525740276,-0.076260505793069,-0.0843211392757988,-0.10306090717251,0.258044289154256,0.334226100037947,0.106070273192138,0.215875116644285,0.0532375206281931,0.282678183389236,0.188242092751264,0.244624704825849,0.129401325248589,0.199990861104584,0.159286522536052,-0.0116579456742642,-0.0538265713793413,0.0628070871821286,0.0338449196070194,0.0067877011729216,0.100255060304848,0.0642452970729389,0.0548459899187692,0.0682980306233525,-0.105269307192465,0.112130241895102,0.0241218844714311
-0.165933514783627,-0.0758244135948241,-0.0553602521666178,0.187920029499074,0.152939923290397,0.0704540052842334,0.246464967628015,0.150630999764742,0.0187570742790565,-0.0794289930470846,0.0921091010008366,0.203426756844743,0.299228483092277,0.211185859705088,0.163707532264694,0.100722504157507,0.138603281818806,0.0171819289847435,-0.0190233456977051,-0.0543439035970883,-0.0977187403815422,-0.0703499118437386,-0.0921296784350494,-0.110496786490852,0.144347597098616,0.264791601092932,-0.0509629294111932,0.054616401091768,-0.145652988343136,0.200479197676631,-0.0240566547101193,0.130699925371009,-0.0201265212353112,0.0380373967025603,0.0289860751321878,-0.200136950904304,-0.251177281022843,-0.110558792629696,-0.157142440444913,-0.174643108797917,-0.0488464907433084,-0.113745594238894,-0.113440321814562,-0.118354722344747,-0.322232244944566,-0.0653933208228472,-0.178210739333433
-0.198443718732303,-0.27994012631635,-0.296308441101027,-0.0157250219145189,0.051944341223604,0.140122204279763,-0.0852710619249429,0.0549613434402297,0.29013983856211,-0.119687423551877,-0.20086314002384,-0.0835557436601825,-0.0083866565162143,0.0245649936871048,0.218222669355909,0.14704257983391,0.0490394627031582,-0.15054390742235,-0.0865494545066103,-0.0791653862772421,-0.0989194221815825,-0.228968617550657,-0.19457083339945,-0.22543842231144,0.138264759003521,-0.0189466178922779,-0.0144308427806464,0.100507019418,0.0049902883510285,-0.0701854928959202,0.100562299267326,-0.0465480903163185,-0.121106492895802,0.0874990154638904,-0.0755477565911588,-0.0453750397211087,0.0885875732741188,-0.0739231219344443,0.0766601411370201,0.0490389184698618,0.125600982450023,0.0868884897170178,0.12886010664709,0.33282788031013,0.181360876825081,0.259170564162292,0.0815444848360707
0.160625079994419,0.0700397769611077,0.0413094968154777,-0.0500051059830461,-0.0129969917694336,0.127648778808996,-0.119649696610743,0.0107418713542602,0.011220891005831,-0.0336794095443625,-0.170198487856992,0.0660775364150409,-0.148779167079971,-0.0238078104604203,-0.0023773830848192,0.0900307401517463,0.0785042691482718,-0.13573517939613,-0.23252806774008,-0.112421762611964,0.0111374520152802,0.0564464029310386,0.119103440589262,0.118649947003734,0.133114806032507,0.016049421445818,0.0325681386698768,0.14475772759367,0.180190060405149,-0.0878419981169911,0.320596786190101,0.224497979677962,-0.15158989768948,0.177401643689839,0.0444524181141674,0.105856863597768,0.302722460060083,0.0423178178867611,-0.212661926994214,-0.320418220829101,-0.243417247413557,-0.178431146300843,-0.188788592223503,0.0781433278579035,-0.0503962272819395,-0.0288864939585856,-0.259594321469873
0.111014293915013,0.124673984819439,0.0849498270468782,-0.145606057960062,-0.098742686874716,-0.014128926769511,-0.269538052678378,-0.0614959257953154,-0.044879020842784,0.0785675080273815,0.0757516034384188,-0.0106673697086883,-0.0754370148279703,-0.217278737677038,0.277448706533097,0.0844056773376889,0.0025242652669055,0.157676922544042,0.200606037529367,0.142144290371961,0.0261356137912236,0.163969744236403,0.153193724642122,0.13872165274044,0.129180194210791,0.0875509911999093,-0.100316129333527,0.0882395865729068,-0.104123236583785,0.131125441685988,-0.183205583738522,-0.13692775020912,-0.280675329466699,0.105292125727378,-0.189258783417705,-0.24122188632718,-0.135011851263703,-0.212453427281561,-0.163518457913471,-0.179785599882844,0.108898151041828,0.0164740015939974,0.0240137919879073,0.160845062651457,-0.0357309087931521,0.281102722517666,-0.0545031840844956
-0.0301914075034752,0.026235190692854,-0.143043582326906,0.0137469741525504,-0.0685859361918882,-0.0278120041360931,-0.099915135266749,-0.0349557556030304,0.303004980034332,-0.0456887100373682,-0.0458837375336825,-0.122113118867589,0.0090400063416106,-0.140152579936522,0.163560579345808,0.0837650827632421,-0.0188513446102544,0.0371044092057276,0.349962044300104,0.252746460752773,0.0386774888232316,-0.106260029878518,-0.0838423655874713,-0.0770920884143357,0.0856898840926762,-0.290117368432282,0.352768429392988,0.197242240191449,0.224961889256422,0.236161702668326,-0.019895607490434,-0.0749131953073754,0.15529835895903,-0.0192508685533397,-0.0347374466969345,0.0351456695170706,-0.0209787235113985,-0.0098737941629715,-0.0913635065685005,0.0132929879944363,-0.17615832797874,-0.149995269609676,-0.202449649194127,-0.15736508496828,-0.0731467509147015,-0.233557333999707,0.0197863447974683
-0.119000209345245,-0.189135538317794,0.0930355158921677,-0.0672201702252863,-0.0078140273989618,0.0002164479006506,-0.127373550000291,0.0244149251476292,-0.0305627438881054,0.148128020539923,0.0630125426438338,-0.122148324107367,-0.0006605103166908,0.0245413967103095,0.235547998908054,0.0832079780624841,-0.0063245285451383,0.0486570949353075,0.0124908523229064,-0.115163915922741,0.0129051153131363,-0.0349862056091732,-0.0809346624949322,-0.0425562336897314,-0.137939114148155,0.105216521983399,-0.194382127801796,0.0840998750220181,0.0602097198330151,-0.0276532276456189,0.0543560973826402,-0.268232349907541,0.261994394200415,0.0590529148152571,0.0923484292321519,0.151177133886801,0.157450968743693,0.282469485953672,-0.335825926507354,-0.189781859593285,0.106276161591886,-0.0090924337142958,0.103408915218592,-0.440289899873305,-0.024890208055703,0.239378385309302,0.0683708755593503
-0.0568056880229442,-0.097960037631559,0.0016604042911888,-0.0673078766761459,0.0804782734108204,0.0581889719268732,-0.213583802550265,0.0816416458172838,0.0013585507271323,0.113207691141054,0.0644719937363652,-0.0977535002171412,0.0708685151303837,0.0045522629941099,-0.0355989104211106,0.0008488103349484,0.0674312031742884,-0.0775373735273713,-0.281746315250645,-0.158898997357118,0.121844326976945,0.0114798267025152,-0.0030806672295266,0.053420365640687,0.0021292688844341,0.17458123905629,0.308244111125362,0.170384241841089,-0.0408351556733895,0.110386393779893,-0.649013529737604,0.249509825062673,0.0361570340720211,-0.0883739608469266,-0.182148131205342,0.11742459497491,0.0752398232121657,0.101150941011672,-0.0354144343257722,-0.0290974832587258,-0.0561745567444144,-0.0516496529907765,0.0094326593380459,0.0095428333927426,0.1415443144217,-0.0428469275073627,0.0286468789970263
-0.0303162437099112,0.0449004295635383,0.0362605116443801,0.286644709680975,-0.0480890283594463,-0.0220956378191406,0.0635817275961853,-0.0007371132293474,-0.144014580240089,0.101818954728772,0.102133876152623,0.0147162367478189,-0.080218163451149,-0.0656889774749617,0.039048077702982,-0.0364690242858288,-0.0787907059331282,-0.0862345341115723,-0.165098566350572,-0.163914511955006,0.110208606718633,-0.0390894951571926,0.0074610661092236,0.0774403283541944,0.566852909402101,0.0031069107015697,0.0602449409794907,0.204576394586376,-0.160816757055807,-0.136844360925986,-0.0262051218420759,-0.489036795465394,0.0694397820829835,0.0197124378875053,0.066843587107784,-0.0682628097490132,0.0928590099536739,-0.0687675541170981,-0.0494099891641586,0.119204300529997,-0.104513391759468,0.0866519559026138,-0.0387993273924338,0.0138112498459244,0.0605815798896249,-0.202791568706631,0.0581046743855623
-0.094256513102268,-0.0118698502939333,0.0465743283083125,0.199480744962448,-0.124605180841213,-0.0231286619900575,-0.0085347185694506,-0.0567630237642502,-0.240624663723015,0.0714227982498252,0.0483177025386484,0.0219825807785587,-0.0708888383617597,-0.0794268117584058,0.371476683895916,0.0665815107478595,-0.123089159230463,-0.060356424072488,-0.206968215729066,-0.234471890703555,0.043523203497319,-0.0552565858761071,0.022301622094378,0.0202216150409536,0.0507701117768625,-0.408781968620382,0.0689233240031522,-0.209050832598116,0.215174157368623,0.307986197223702,0.0124210401286352,0.276279859510359,-0.163237132611891,-0.0445609193714667,0.16369119838848,0.01777672369681,-0.081807404479236,-0.0618221778636559,0.0127700218626954,0.0258774711612827,0.116577407785634,0.208581684964602,0.106507344650291,-0.119529138010649,-0.0387627415279904,0.0228380060814973,-0.0002644856153581
-0.103869806160135,-0.0410235939986682,0.0569619145805301,-0.0487439155395592,-0.0325629758738144,-0.0949944579953846,0.231928279637314,-0.0686113303437584,-0.122068448229861,0.042768605999223,0.0984600336424631,0.0344213106257526,-0.0180375105354696,0.114486101805178,0.13419975472057,-0.0731959723092426,-0.0961482109339031,0.0918475793239368,-0.0320377285406706,0.0321836309242995,0.0036648474340556,-0.0077281349551919,-0.0274060728074517,-0.0605269082488882,-0.0516294214807578,-0.275746449264449,-0.0070380275507221,-0.0210392557363974,0.0270469518075996,-0.166937216755875,-0.260515948519624,-0.0173078160588204,0.219718356414706,0.634034406732753,-0.0898986116858399,0.148283757839758,0.012368399000666,-0.0302037454364911,0.0998023212847239,0.0310543429486873,-0.0543092363147925,-0.214334921423296,-0.0794025901745159,0.213132798143758,-0.105185842637217,0.136018024252887,-0.161877267606043
-0.0767986563236005,-0.0001662740862649,-0.0487256064784046,0.0759347081943555,0.0651407341546666,0.0615693340805597,-0.0370383688361074,0.171657901519635,0.118726937881411,-0.0688645069175612,0.0769780473610202,0.118271575825034,0.152043520033028,0.0104667815546724,-0.494856834554529,-0.126973477458689,0.0247061286561555,-0.0106267050173634,0.183948140712671,-0.0089435090773918,0.0125878032576572,-0.0869667170462816,-0.0153382702165573,0.0606416079964015,0.228977944354306,-0.225753948296297,-0.0913543125188353,-0.26202516960477,0.191856673823037,0.111193248658788,-0.199897496104001,-0.0490898097305733,-0.166858881662477,0.131435145967408,0.0577263220658292,-0.0009427447295516,0.149545219802044,-0.0085984892234291,-0.376267221315279,0.0467296834674089,-0.0568874755390843,0.0846008833977981,0.130614270569575,-0.0569275834204164,0.0579810287999991,0.225671804338641,-0.079103388331747
0.152256976997291,0.281415037638148,0.0924989372727947,-0.0405037008920266,-0.0252410173609965,-0.0312964234140264,-0.0464158834201539,0.0059693971655601,-0.0876626458586551,-0.185945888494569,-0.236695696569295,0.121472271434789,0.168517532105904,-0.122585356757009,-0.10346321724591,0.150591227584486,0.198597242219756,-0.13705790421812,-0.0552641615940315,-0.186811022482487,-0.308573050813848,0.0282471958917683,-0.0401264877654505,-0.0500807464781802,-0.0469653645682696,-0.115645682230992,0.222153437827939,0.084400258022568,0.0185000824278212,-0.05328787037595,-0.160817180216771,-0.155538906581962,0.145619018722329,-0.008018578373319,0.166784468788711,-0.0012477855973896,0.0189434477732009,0.0275805414122467,0.0127447024354502,-0.0084421361915107,0.234760718748015,0.128121520358762,-0.226419129700996,0.0530244888535799,-0.315774586708397,0.236531570902418,0.201150349319163
-0.009465059570414,-0.0839883513195814,-0.0228750529908605,-0.125686119175939,-0.0797201049440024,-0.0639625580039725,0.193862633109222,-0.0815369312613431,-0.094085398014481,-0.0765156568618376,-0.0728468337773305,0.140834697208636,-0.0429469483176994,0.207036464095152,0.0681293801818144,-0.0689200522899197,-0.0677219723793352,0.0807168690210308,0.044353025864755,0.146647059490016,-0.0929645972154915,0.0725106300933268,0.0832719709688495,-0.0713799467502367,0.216282837360997,-0.138620216716783,-0.176874644441749,0.363433021771042,0.179794376806374,-0.0834220928341072,-0.20598437975477,0.0211078062673598,-0.116518311203551,-0.459489244984901,0.064422456754795,0.0800739409095231,0.0687754955920732,0.162453236078056,0.159955886037868,0.0200051441710347,-0.198349613833476,-0.0097769864915759,0.0938848081022151,-0.0285097641413226,-0.124089545461655,0.277379075008832,-0.148680432149864
-0.0221081640759337,0.0356396502462301,-0.0296808919058903,0.0603631116684375,-0.0297746132951408,0.0493506734612083,0.048202103959444,0.0690727255475535,-0.043620842293739,0.0532821704634765,0.130769482526822,0.0416753558762728,-0.0051122406588399,0.0542443098610457,-0.127218764121806,-0.0342097044251625,-0.0340947593231848,-0.108682988302875,-0.113735566260235,-0.0732775664971112,0.164088582650486,-0.128721475372759,0.0298127287234269,0.0572447170056836,-0.377002135570668,-0.101615578556666,-0.0676701562729329,0.231126108163621,-0.0960324317646787,0.475099628767386,0.168426344654351,-0.273132473215101,-0.0430239578060488,-0.0425237076131627,-0.233284803245265,0.0804561382292073,0.0030139954541816,0.129083947167065,-0.0284468537777961,0.0269025007414816,-0.255569199780183,0.125947272970216,-0.0341662031115305,0.29776929773554,-0.201810261591751,0.122791670140039,0.0501528228266081
-0.0943577733062199,0.0724775662179743,-0.0701040999623728,-0.128616115489423,-0.0025148753587388,-0.0258188193085239,-0.0263167283210581,0.0683346098564884,0.0756153057655526,-0.146913263176126,0.0304055033991702,0.0599958056139406,0.0922592183019338,-0.0899985055337353,0.139032142192809,0.0085187682107016,-0.125578847282878,-0.168389493450057,0.0595247798933102,-0.0220257080708934,-0.0076204498681618,-0.0322213345543705,0.115696174880094,0.0258163863089887,-0.229394371204045,0.270950256108996,-0.192370446330733,0.166671907792433,0.232001893149494,-0.0256821282783966,-0.195891448039356,-0.10651655507718,-0.310394529759541,0.281038498565753,0.224303550356327,0.0233146673602306,0.149450324349109,-0.0568309695047066,0.141737334563941,0.241540212517887,-0.0749159492168172,0.295935242656417,-0.0913324362001765,-0.168701061846278,-0.0428853781059261,-0.249103651103388,-0.0901252097039942
0.116225518223846,-0.06551911281371,-0.0699222119823912,-0.338384491166514,0.191223566572064,0.0198069452940243,-0.178064976580756,0.085299984854311,-0.0283964309757959,-0.0531884123371449,-0.0318842548890678,-0.0052730881330163,0.0851429037756298,0.0737764372519755,0.0162513754417961,0.0380806484151532,0.0719213428527907,-0.181252278862713,-0.060940037378297,-0.0237488857200095,0.0109775400631925,0.136285724354414,0.144227942019635,-0.0372224235411526,0.281127336474248,-0.0910977956556976,0.0739993192579068,-0.21885572051575,-0.0608515101732756,0.0968640654203717,0.108488896362321,-0.14837457738065,-0.0286068085115645,0.21025754026946,-0.138664112141075,0.0076351357050875,-0.297003526521776,0.287516977583434,0.335397023547922,-0.031793597619149,-0.249516782940901,0.0809819898606265,0.115157974866706,-0.246090625086512,-0.0621631636787351,0.0326176944229476,0.0275509416971348
0.0930790899199153,0.0068453107722064,-0.089747344058779,-0.0363272308450295,-0.209188844310784,-0.143586751948159,-0.240559808899696,-0.112266674254606,-0.125558546977263,-0.113629729473777,-0.12291628026379,0.189291111676206,0.204094066965714,0.162082145717468,0.0985030903150437,0.0686313482038392,0.117148176259498,0.179736810281282,-0.141320207477045,0.154887611102111,-0.147584141079275,0.0029918952594158,-0.137678905061581,0.02089426751591,0.0432208952611186,0.0275194006800396,-0.0808261436728494,-0.173190526429032,-0.0792346228609562,0.285371937284188,-0.0397288658251365,-0.194247862576365,-0.0262687737939335,0.0010691207133977,0.0602621192311313,0.0973707679532875,0.224469742116235,0.218356439977036,-0.0309596718745325,0.107712151788196,0.156032092853893,-0.191679875961759,0.172068549948291,0.178347667993099,0.0725423795346819,-0.314380763303746,-0.191646618325473
-4.72366005742802e-05,-0.0352222083900038,-0.0964326481042529,-0.386740539586631,0.0161558354477181,0.0741111935700732,-0.0086885636326991,0.0416268995064991,0.0760647380589073,0.171118175520383,0.188035467672837,-0.0691454696728082,0.133382307780288,0.0324201131607863,0.0276678708992664,0.0006894018250107,-0.0799171287512193,0.0701159938451162,0.0047378372033007,0.0010942988613297,0.24315822380104,-0.152319403416472,0.0270042868474384,-0.0005023624290026,0.0374973470174106,-0.156781979659818,0.0382381255530828,-0.0383084234106625,-0.243916356305781,-0.132363526925521,-0.006166955616004,0.0133814977572049,-0.13451993388316,-0.103311218573093,0.535339974524935,0.0807778118248073,-0.147860772586081,0.173908875470048,-0.14002813632366,-0.0792214556519583,0.087443553981605,0.0317005479836042,-0.212031873697784,0.267815505346297,-0.0754005388430396,-0.0779737723487753,0.0034146209214567
-0.11173034588593,-0.0208678373601264,0.207678559376672,0.0216733750812446,0.0260686556085032,-0.00732458145039,-0.0186778073787351,-0.0052776767980931,0.0694784431113837,-0.0077578391256879,0.0653351814856091,-0.133444085181892,-0.096606678230518,-0.0181207176847069,0.142748388947591,0.0480747063325348,-0.0636217629268913,-0.0590875934954355,0.158742850171087,-0.130014642342472,-0.114951517082191,0.0488074487665222,0.0679419605883275,-0.0831545843385822,0.080656470461919,0.233835949578463,-0.089093374252363,-0.409588829914213,0.324266966393631,-0.0094853352541409,-0.123587938923354,-0.0518859465891136,0.18455425231183,-0.159310495298489,0.0212699955987879,-0.100433703182523,0.0676790770703678,0.167068775146735,-0.0213768491317678,-0.100292880679805,-0.268659164570362,0.0370461811385412,0.0021430266612032,0.429796122898731,-0.205150145784583,-0.125810968319743,0.130446914460117
0.176497138060355,0.0944876018767603,-0.145093599857066,0.0964226855121078,-0.147935675571705,0.05238872456731,0.279709305032932,-0.108295562713969,0.0415268616527909,0.0918874249324706,-0.216281296299238,-0.0115162063701335,-0.0913848593478062,-0.276801406780499,0.0069215703836134,0.171108305121767,0.0048487016496495,0.0376484782005051,-0.0156908748839572,-0.0007184446696554,0.0476869175835197,-0.159626622224945,-0.0540739391066119,-0.0094205027342677,0.135747495098146,0.178844182043218,-0.310227923806745,-0.16911998921232,-0.108330709559914,0.181914597288646,-0.149618795689152,0.100709809346412,-0.0868155011178629,0.0657129440247855,0.0084195463133101,0.183931992557249,-0.0899345631389831,0.223758538782894,0.015163497940475,0.139094546656581,-0.137852282629516,-0.170618914206034,-0.295262821757181,-0.0937829252828375,0.139577521506729,0.160857280952377,0.213537749857288
-0.145998162329476,-0.0057579498675238,0.0237599383650318,-0.170718507715627,0.0431456210247142,-0.111936435131232,0.0412981251351358,0.0568126826716258,0.0073018669117687,0.119290179828031,0.134155571928782,-0.0580679598358135,0.123545751303591,-0.0358876710970148,-0.0364751748082367,0.0356507699768554,0.0897188847139536,0.0469819679027638,0.0565493413774017,-0.160872091322214,-0.0798254047595757,0.0928799643847419,0.0404673368846063,-0.0234848665505314,0.147279586321269,-0.206286754020406,-0.278118314050003,0.0899349522228528,0.0309722085706096,0.0337416036103767,0.0950913148188353,0.161576802085465,0.065049664762339,-0.0465893139530307,-0.376687172979298,-0.236063322688716,0.197505135665453,0.236088536334318,0.0263360448158557,0.107562729886931,0.274365558722848,0.158144731635993,-0.424644843559685,0.005126726788824,0.0946409018495406,-0.154260524441755,-0.0833000315196197
0.118908425126084,-0.183238001185088,-0.0890507531350013,-0.218291410719884,-0.0155677814916116,0.0727124412805191,0.113639092766029,-0.0754354707895095,-0.219233513005716,0.0458413856291143,-0.198352557511082,0.116102173703007,0.0154963140730788,0.0682710401764896,-0.0089216108166105,0.023213243527869,0.143119125920816,0.243043142984902,0.0770912600486326,0.0209128927993797,-0.0522705095862705,-0.0026828353796602,-0.0181475892465177,-0.0753041241099298,0.0095666825551747,-0.0901614979509674,-0.0940918822685125,0.0625109933108635,-0.0906190809422121,0.0599790581856973,-0.063368859705514,0.115011005009269,0.141798582908063,0.113465248658807,-0.0097407089555262,0.0062864951030127,0.132156998743761,-0.256763921941384,-0.145451897908499,-0.21837069689268,-0.265396334057679,0.422323653512124,0.0668839798601838,0.0152601532644834,0.0763755428221023,-0.235070938284501,0.345563044026045
-0.0020372430988824,-0.0439149045362534,-0.205093089928489,-0.279385325745854,-0.0335508933458857,0.017222941858187,0.126016763043327,-0.0048263732355388,-0.105146037899173,0.139687774017746,-0.0118180246169899,0.0142617899201602,0.201425143633878,-0.0166268678866934,0.0482121330905583,-0.0883528845553803,0.0548376822874468,0.176326812563199,-0.21999800486338,-0.0521842806398354,0.0761402241871753,0.0232693441672425,-0.0069505964246353,0.0961213761512671,0.0038265507134762,0.204884051616481,0.177603416542535,-0.199808718717622,0.386494870864566,0.0543467716943494,0.124908835068088,-0.235474195236026,0.13814856502951,-0.161396209210783,-0.0551972371455719,0.0512036130692235,-0.0501427941169332,-0.343789401773037,-0.0190723053709549,0.138088085981763,-0.0365269296668934,0.0057000908250498,-0.247312255725002,-0.0101091788678553,0.134693586671538,0.202992916005369,-0.167699586424776
-0.133790413554467,-0.0220284081588887,0.0407155085293921,-0.0806382690192262,0.0296087574896566,-0.173389190298162,-0.198306472703497,0.150931452798747,-0.0968212320999743,0.0436233876762669,0.0466137377744896,0.0771166780743909,0.21481616581778,-0.210327562605313,0.0863638084478908,0.0791324004127868,0.101902846384788,-0.142656470492715,0.216725598560811,-0.254149050283394,-0.114534819369287,0.179913115847555,0.0079387706228645,0.0559375478419762,-0.0190809368412979,-0.0881792934646658,-0.168980336446244,0.0983002307588127,-0.190055348045526,-0.0053903534587939,0.121441299534532,0.156476805390331,0.141686779162033,-0.0851923911641101,0.136437179832749,0.170953679294863,-0.0202138050400324,-0.236101262774501,-0.0498428942093079,0.327161892275061,-0.309955005120305,-0.270491532805725,0.103222348026656,0.0785788119964409,0.109711471853763,0.0667399323380252,0.0280748412444734
0.270127846544557,-0.10820661678816,-0.0824811876211442,0.27996887078752,0.0050757495542805,-0.141786303415904,-0.428301355591527,0.0790679768291469,-0.187841023641997,-0.0086865444015291,0.0380523147708144,-0.0557268958555629,0.0580872727204708,0.341995258019823,0.0560760225236294,-0.0212178953090646,-0.0212026846640294,-0.0621808804786471,0.201793085996808,0.0689544580406759,0.133211966052292,-0.261350371645933,-0.0109231803290736,0.0216798209137835,0.0683722554938063,0.06569869340681,-0.122464969355717,-0.0803691586438536,0.0092857293785677,-0.146704507109897,-0.0026773818430735,0.0978784481625823,0.0342154945384773,-0.0407512506195664,-0.109120473459984,0.258825941221015,-0.0099604896308507,-0.128723385624257,0.0865819469971635,0.028269682928489,0.0140618557662239,0.153615769578136,-0.319333800741574,0.0088909706116642,-0.127205412903389,0.0983483001218002,-0.0009199614379878
0.145839277759326,-0.151376524028544,0.0223757838116562,0.193470888564943,0.0766556054534123,0.206528682224171,-0.243729058496108,0.0158724943794086,0.0876249826164861,-0.000736734825758,-0.204232223232748,-0.131438468805434,-0.0853021246255862,0.130093379223315,-0.0825855594069216,-0.0755024323422253,-0.0781652496222583,0.17218062694938,-0.136627456931256,-0.0459775554341974,-0.0709105767478733,0.221585944173526,-0.034553312319014,0.0710797335028555,-0.0946421224648937,-0.0989417067217472,-0.20787488456889,0.149639518562699,0.0886646504134506,0.140245634226134,-0.0909378009854484,-0.0186158221127084,0.240108876380841,0.0916162398869952,0.32045954780529,-0.349973722038681,-0.257990428223106,0.0513809054776957,0.0261823494045578,0.128646982322395,-0.101389733514858,0.0314649682909078,-0.167787932314111,0.053237393635697,0.164259111392482,0.0422768507363132,-0.142198997055746
-0.0168686126116673,-0.0069090351172527,-0.267681636412644,0.19207467962566,-0.253141938746333,-0.172766710919153,-0.070319278112987,-0.0901277648835579,-0.0772132553705523,0.0968774026347745,0.0935963163444249,0.113206418540607,0.210405669305858,-0.103629066357364,0.0655007572283065,0.0143493546185202,0.139517681746626,0.0842573633063762,-0.0403659237974923,0.0804155674741677,0.0205050920846701,-0.0936795228687346,0.07707968583194,0.0469981009451979,-0.159179070927489,0.0316121695548003,0.219711958372539,-0.0311642599452027,-0.0082753377546447,-0.317750369865909,0.0617874059986478,0.12416662106789,-0.0179051390337848,0.0662321173141902,-0.007176084913709,-0.42836805879725,0.0346498956777805,0.324037816374525,-0.0781535298121656,0.0925611544228003,-0.300181585133495,0.110575250803934,0.0555652997719366,-0.0113646346761063,0.0143429750820574,0.155702942294717,0.0264911192843536
0.0129883543299812,-0.323364280477324,-0.219737968066758,0.105112822484263,0.0122344417359316,-0.0324729359623489,0.119419059591322,0.0280708997797364,-0.088277444148284,0.105002443914216,-0.0353486638605853,-0.113964779381634,-0.135224484965396,0.0224123498504247,-0.0527098028066684,0.0518457638349984,0.0426548696767474,-0.0610999740210948,0.251382621414105,-0.0967913779308105,0.0324389136157794,0.267969767198768,0.161202131428945,-0.0328326746927881,-0.0739136401207951,0.022302513708483,0.199737000298061,-0.163735691879876,-0.244702200080709,0.200005163190796,-0.0577636011659827,-0.0945754835226862,-0.0834145582817616,-0.0081199094191137,0.197399973572595,-0.128987392135212,0.448116776237706,-0.0666329405426435,0.241487604847235,-0.0833019734582699,0.0446688963710049,-0.0915486018160664,-0.13924312060661,-0.0681321339119914,-0.0883598208643732,0.118443075120067,-0.100639988409899
0.034412040778892,0.258060523015787,0.042568440799933,-0.0132705678831586,0.0920444985461155,-0.0839156532136676,-0.0772383614016735,-0.120288855895219,0.114476740161752,-0.0540565981666259,0.240875930951241,-0.25021565346711,0.222468851723611,-0.0215497630116149,0.0185202115636648,-0.0823556087634595,0.149336211681172,-0.0242081842237942,-0.26942536794269,0.171058228593456,0.160188831344786,-0.0515108312706963,-0.223396181760902,-0.056771086937304,0.0422595437865335,-0.0975500128816013,-0.253175857538151,-0.0276318408065222,0.0155907807323732,0.0815985259605446,-0.0235846911316877,0.0325297581805312,0.0360866000059687,-0.0195687059948906,0.146928255349109,-0.197650269648087,0.304721781976536,-0.209909984711445,0.281820814957382,-0.199704469181108,-0.141731503401241,-0.121804406770532,0.0168301059451745,-0.0924925842665585,-0.0420529713201148,0.109186028504639,0.183497306891622
0.0209013660468338,-0.223463689489268,-0.11714007407383,0.0564403978387843,-0.226382462341798,0.175652888626373,-0.0971210410240625,-0.0156223497691213,0.0577692569431315,0.270734643460624,-0.0620578731906623,-0.0316892808168259,0.127076229164816,-0.0752669423643468,-0.20696543150499,0.125954393853498,0.0781908713572812,0.079700323293045,-0.108236957667696,-0.0227128264946752,0.214122207332621,0.210256972211762,0.0773619676398752,-0.0928556013599245,0.0511923125461788,-0.0224186284484874,-0.157661056211004,0.0841409278420279,0.230283791184819,-0.121842142031614,0.0158637492910082,0.0163938554962813,-0.0880241517586084,0.0558695780541524,-0.0788624696995225,0.0308422669550297,-0.0613484961216486,-0.0890650518705225,0.0459205498045397,0.151334216370368,0.164337064346125,-0.187496380060497,0.161421440141603,0.0038897247353784,-0.483367638346024,-0.151670242466259,0.215619791757413
-0.0889926936582175,-0.060860873812442,-0.245757363519939,0.199627552778194,-0.0080621096323896,-0.0367288298839812,0.0105756516089555,-0.0960185951827883,-0.068015938009571,-0.0676647546990219,0.0295368766603539,0.20164294248813,0.198270991870626,-0.251196851236964,-0.0449737109448531,-0.0916160389797117,0.0467139759225064,-0.131240284262237,0.171425997731997,-0.100963466679834,0.159149068690396,0.216703202956193,-0.159595424158316,0.151260763496658,-0.0437854949231269,-0.0235521309931359,-0.11902939314214,0.0795643686986763,0.178193143322844,-0.0523281984739936,-0.0460775216812171,-0.086681787024202,0.0559667360396631,-0.0171940020607763,0.0291106777728164,0.165636159293895,-0.195569188020134,0.110879701108051,0.204204939030362,-0.513930858279551,0.103686616926719,0.030308997087813,-0.0146648065151212,0.126021956852837,0.209954946149315,-0.0754032171899699,-0.0385317340852546
-0.16317976029623,0.119594226742388,-0.0547786577218608,0.0257365875966369,-0.334746509176049,-0.104540731235362,-0.0438160859629237,-0.157676666912829,0.507135618495874,0.0631817706459693,-0.0420907580486884,0.0849908476667627,-0.0470723007461765,0.110829602058453,0.0264958790484917,-0.0564115189704355,-0.0194073010795142,-0.088742760449773,-0.129368230286746,0.024328455365371,0.0302454832567915,0.330087061628873,-0.0320186653876424,0.0471888085712783,0.0636667090232707,0.0274047306722078,-0.0347592267893904,-0.137208470876942,-0.264380107442362,0.0018447439982815,-0.0143987782659705,0.0808491253892179,0.186859686361521,-0.0220075449073953,-0.0260534358974423,0.210547209092395,-0.0034662214254812,-0.0911123334478671,-0.0522123273345668,-0.0039569446342601,-0.0622956272639604,0.355527172065766,-0.0413865867078317,-0.0522814571271609,-0.131220674233833,0.0790929993420439,-0.165017033438194
0.177151484789351,0.0185770963058261,-0.0697393486675047,-0.161378382414167,-0.212819611579657,-0.180198129993275,-0.008092301769238,-0.105393984756017,0.208387430859743,0.122539113492349,0.131154456517069,0.363613059148175,-0.164972808672026,0.299144810045061,-0.0518108886844082,0.0503857657514939,-0.0049188286478804,-0.280735974718265,0.0545648359285443,-0.229855117145428,0.0318860676102225,-0.220757775047572,0.245747493372152,-0.0332851226574835,-0.0228907788058553,0.0041408297759372,-0.0704506064932541,0.0439935080425539,0.124690708059433,0.0966818062675352,-0.0653143707748744,-0.018791038041134,0.158498669559589,0.0157659823790174,0.0585991990011555,-0.241716576158848,-0.0599709909489824,-0.122954799542444,0.0262268671082333,-0.0925856903392221,0.108771483581396,-0.221265033357933,0.0423216565518085,-0.0474232046329506,0.176034962177783,-0.0266639184381095,0.155107993240363
-0.0876496427564901,0.093799974458624,0.189881294177302,0.0887576514558654,-0.0058319360168805,-0.150572537729315,-0.103114012275034,-0.081659145414704,0.104763190563029,0.440631798202722,0.044940476966344,0.0200661088214298,0.0009339768796694,0.189699816125467,-0.127852671813565,0.0467123565779707,0.0575797175615421,0.253008219360405,0.0663423286204021,-0.202919503087592,-0.284525727143852,0.0495900833241372,-0.248030528057344,-0.228365452585828,-0.0391700054847382,0.0236219769276847,0.134456022742004,0.0508431817991972,0.0797208373104446,-0.0085493800108942,0.0515940580662728,-0.10643703772341,-0.406990895123953,0.068441849828105,0.04012909214412,0.118904596961035,-0.0874059951590553,0.0004751641169409,0.154202473219803,-0.108514824059858,-0.153417325611817,0.0005091106951189,-0.098398345473929,-0.0284926221489828,0.134899629396859,3.11229892979645e-05,0.0533614834071114
0.252688635368269,0.128104377178331,-0.205053740975894,0.03306598513201,-0.0026020465354213,-0.312284485416587,0.28512713029771,-0.0069607702428472,0.0060765299804028,0.0800813241805471,-0.0778202544413976,-0.591657718357141,0.112257938841087,0.199812372368567,0.0062155575441173,0.11109677562667,0.163181269692285,-0.173775443457846,0.0479183868698864,-0.110094291189159,-0.085582380482637,0.0710612577926233,0.0479726257825918,0.132687749086427,-0.0105858062680076,-0.0297842185819157,-0.0483875742936995,0.0876619830592787,0.0830431602755294,-0.0038044203945142,-0.0445906052678695,-0.0170808786592599,-0.0591257814559597,0.0379959012204274,0.0023643733516826,0.0384483540393248,-0.137932559091382,-0.0054049687515215,-0.196314454223395,-0.0211227134847982,0.0283577830505555,0.0616101717923605,0.221691790021713,0.0740650099064454,0.0304944704333435,-0.0765012543877546,-0.126614556878895
0.161255312232905,0.0169901640921564,0.268751626218554,-0.0968325065656368,-0.124675425972286,0.14584428857504,0.0315960943417641,-0.112598607813064,0.0194089537399373,0.0665275514875598,-0.137212308463999,-0.0123845572434099,0.0754935954336585,-0.132837772905304,-0.0871614953043611,0.219937967188231,0.072226729337966,0.0555026959697847,0.229345469243027,-0.269200533468284,0.300698692696565,-0.293892345735841,-0.238202787312203,-0.0474172954782792,0.0071556199451052,0.0269086899670358,0.007898826794282,0.0075314990343718,-0.0517095726004565,-0.023442128528967,-0.0354651006718685,0.0142304565259663,0.130945174304566,-0.0311450746046877,-0.0316961849194362,-0.114790274854314,0.0404407972540937,-0.0193869703182644,0.206524398827123,0.0243900874941213,-0.0523795997503897,0.135976784579557,0.199561814108983,-0.028950970378983,-0.0570112861255131,0.0034351185473463,-0.470185612780254
-0.0424681621115841,0.222641402054338,0.0373777292721113,-0.0049553295621113,0.0315806469665326,0.0922567238840077,0.0084917452383693,3.51915533350344e-06,-0.0380437137554085,0.247650373319377,-0.483625403315057,0.0024610432301245,0.401004609877824,0.152977545993326,0.124698263450955,-0.274398210604391,-0.48184318654997,-0.159904297880493,0.119773064619801,-0.0349010642897333,0.107703822116579,0.0424292247080882,0.0172856065846078,-0.0278837965539294,0.0019464082477973,0.0088108588385056,0.0316712782428483,-0.0179193149657515,-0.0612913773731457,0.0137318100392412,0.0249577132304067,0.0284539034145944,-0.0253912843623077,0.00456360558372,-0.091884455359405,-0.133509138188667,0.125164606624431,0.0307414454666842,-0.0428382629122577,-0.0553915570098797,0.0166370924323278,-0.0961361249951102,0.0298343226797442,0.0015573494645893,0.0202409571809382,0.0172795568890949,0.108458453597387
0.137252659150822,0.252204884965509,-0.396562218699005,-0.119918010169147,0.230251594748284,-0.0076466932051579,-0.0323741513319566,0.092659272190986,-0.0048222319773707,0.0253611893114995,0.0711167998903302,0.152633420292185,-0.344998529505209,0.0693583182761975,0.112300060254011,-0.121352170517494,-0.0787347761810678,0.136711454792395,0.0979835299632901,-0.250632844263489,0.0661503108769931,0.127586187053955,-0.485306841749722,0.179811807561552,0.0118687796604805,0.0328353846059657,0.0050123373058787,-0.0046033957333557,0.0316068446597617,-0.0408540640822763,-0.0168472619641772,0.074404356083867,0.0059779511379778,-0.0002706312922411,-0.0448147511861455,-0.0859096176016655,0.0785190913012964,0.0738977300501572,-0.0381519986516805,0.130290261781491,0.0121655570694395,-0.0337171318925016,0.0998305435090504,-0.0187512135126309,-0.228790801396495,-0.0144125408235382,0.0616815454917964
-0.0028796183529985,-0.264060751865093,0.318855896273269,-0.0993035657728069,-0.197447904857984,-0.0136863685480443,0.114043078550664,-0.181809330801157,-0.0293391582496243,-0.327188888402929,0.0224729270986298,-0.0252623028196898,0.0734468220482107,0.257740662839093,0.0286226673314267,0.0810710973849594,0.0296108946406601,-0.156861642268,0.0808270044415889,-0.0397466359252368,0.242759082367567,0.234039376605466,-0.353791059682012,0.250124382126267,-0.0016857613967948,0.01060836107846,0.114256096343338,-0.0079598787459207,0.0377356740965746,-0.020541446817756,0.0427194167897436,-0.0076448815680372,-0.219261351475099,0.0401543160847809,-0.0337402509371937,-0.103496262258996,-0.031676103559189,0.0364871232645166,-0.118219963108497,0.132679461285705,-0.0396653654941184,-0.0609737835691831,-0.161108224208411,-0.0147800363046126,0.0766968986110548,0.0456194527184163,0.241559856021246
-0.173936733166784,-0.0020488031088819,0.125781885306079,0.0437638205942905,0.213334779162951,-0.295890239108155,-0.0219090690857768,-0.0905607100514942,0.0928411572908165,-0.0540980299639942,-0.34967536133041,0.0448729916584166,-0.134546828680417,-0.0144940428531901,0.118205233833296,-0.410682817418067,0.481548924310413,0.135527784416307,0.0235940308358197,-0.122944770801402,0.355491275405867,-0.0807934129840722,0.182140018516788,-0.070007410349778,-0.0075548291803356,0.0076781740990011,-0.016903733117851,0.0041089248514935,0.0171017260385339,0.0325829406247909,-0.0023359497380427,-0.0361790660256719,-0.082940474989645,0.0211790621994829,0.0532422767244212,0.0043144581547731,-0.0517992228080496,0.0496495159247932,-0.0482373852664724,0.0787116747490938,0.0505983199209252,-0.030199969530118,-0.0196284654954323,0.0228989842008244,-0.0646343275474942,-0.0087985316450272,0.031632213635999
0.258676344569034,-0.307886147624413,0.063033883588835,0.0294353482363668,0.120808728233961,0.0704464749967773,0.0439547627157664,-0.311115229735139,0.286980003446124,0.0074012399375984,0.113333216562986,-0.0052174605752561,0.197472883656367,-0.14753383514976,0.100365213293137,-0.319556320467548,-0.0613674358539155,0.116174169306543,0.0015668303412257,-0.199327542583026,-0.341765850379687,-0.20234395113929,0.0848145473974595,0.409045089980575,0.0243823996849325,-0.0308323038121187,0.0190974039256537,0.0152145662404927,-0.0659420485793778,0.0056045790035406,0.0250955250534102,0.0092987131657904,-0.0525605295858631,0.0018951983485702,-0.0582444188409621,0.0767328763285363,0.0636128348704662,0.0027324709660726,0.0704778736704402,0.0134958768548229,0.0095837120318916,-0.0251024770794516,0.0403239285250137,-0.0245898146998243,-0.15504544365389,-0.0165399241365623,0.0439140058127344
0.206016377452496,-0.251357712553588,0.102338792419609,0.0162413608397471,0.447887827750262,-0.429967430424228,0.0352430931285206,-0.156701238346501,0.0728767810108906,0.21339456311486,-0.0654372084899596,0.231410050612761,0.0111666427681329,-0.198138789351744,-0.0582719483768804,0.231730851835803,-0.201986813645428,-0.188052908763744,-0.158870522343324,0.253090569594872,0.0861184319615974,0.0793337095916947,-0.150288093371866,-0.103162570193536,-0.0216264838406071,0.0021751853931497,0.0029547529650634,-0.0047548001316166,0.0494771096325343,0.0180045730050808,-0.0090209193976259,0.0013988979783457,0.0128819357520063,-0.020646793685749,0.0170539739506608,-0.05231985313026,0.0159219914758814,-0.0178228755470212,-0.142644452972289,0.0627617965025948,0.0163940479943738,0.0999020428777822,-0.0025712662689409,0.0617427793647286,-0.0571167242062934,0.0165227291276249,-0.0732814901741395
-0.17567585232807,-0.073290030016054,0.100002284754202,-0.0847338920013183,-0.103910129900213,0.0922013871007651,0.0186719219501467,0.179294974000057,-0.106098818033021,0.420132476004542,-0.136083510125773,0.0270299192360933,-0.156359155695259,-0.0062078458376325,0.015173194640524,-0.139954956950397,0.293219287283968,-0.358787494172628,0.0364901885911563,0.353008159831818,-0.195475594560633,-0.16065012926,-0.228856319511189,0.384277702224559,0.018906276708595,-0.00276041297995,-0.0438515816519237,-0.0182372650246957,0.035629178136136,0.0217913605473184,-0.0354540525968529,0.0130539503576163,0.0289224969975665,0.0125411881010282,0.0750876717265961,-0.0772544357368871,-0.0313633107677034,0.0009288849915119,0.100224885123907,0.000878502659436,0.0267043854252939,0.025472640764159,-0.0110657800732582,0.0062454249040099,-0.0759436104651008,-0.0312714524147468,-0.0326027596328322
-0.298615948108929,-0.0111072811437572,0.0073477566141735,-0.021344537037205,0.0200288022882086,-0.327144625559424,-0.0219896147768281,0.236653312850403,0.0953152932282366,-0.0922997491926919,-0.229301833430934,-0.0252855839094796,-0.0127220580673684,0.0567380524949998,-0.135139145533138,0.363781974528754,-0.219142384735757,0.326204465088643,-0.0857318323111934,-0.0467118588039529,0.0526245443398363,-0.167623833196904,0.0935740978778712,0.488707657644248,0.0247088143136027,-0.0174008863618775,-0.0106736605273803,-0.0018900716975786,-0.0110299624291233,-0.0145661140243831,0.0064901693001784,-0.0065060835309917,0.0277732014354458,0.0019085786408854,0.0120509965337273,-0.0361430955559143,0.0016468037264384,-0.0413445978214687,0.179084402512562,-0.150007105610982,-0.0203980013955859,-0.0347469133797332,0.0190938031730859,-0.0224845531985769,-0.0707425018362062,0.0112655909978246,0.107095494584681
0.345251200257125,-0.174731842216666,0.154485181577748,-0.0124095243057318,-0.310318620609237,-0.236856650390608,0.112901217313178,0.661103155932646,0.150712696450599,-0.0578894774902002,-0.0030821836644246,0.025592013336696,0.0255954523659715,-0.178361244252888,0.103102494270294,-0.268740084510799,-0.0658738682580945,0.0787730492571019,-0.0938240110412104,-0.0277707789256045,0.0104430207327472,0.042991007434191,-0.133810214307704,-0.156584224434757,0.0011457870409818,-0.0040521119068365,0.0204351867381996,0.0038389799917273,0.006191558940697,0.0077931414487333,0.0059111187708682,0.0013776335274788,-0.0322677873491702,0.0046452287687116,-0.0140580171428891,-0.0276594078338718,0.0094082901445336,0.0171022830560137,0.0467577371916247,-0.104340878086554,0.0037033207497264,0.0104910038475156,0.0138914159788091,0.0152321030916665,0.0180552214503355,-0.0136151355147559,0.0193156251941024
-0.145864988674932,-0.145864990624982,-0.145864990621578,-0.145864991226267,-0.145864996677618,-0.145864991087046,-0.145864991144726,-0.145864985449132,-0.145864991516833,-0.145864995806818,-0.145864989608534,-0.145864991726822,-0.145864990639281,-0.145864991444465,-0.145864990678612,-0.145864992957406,-0.145864993556915,-0.1458649892021,-0.14586499185006,-0.145864993564128,-0.145864989424429,-0.145864988148338,-0.145864992066636,-0.145864998566249,-0.145864991724624,-0.145864991285454,-0.145864990662539,-0.145864991535206,-0.145864991689856,-0.145864991682523,-0.145864991071081,-0.145864991630095,-0.145864992396776,-0.145864991442501,-0.145864992089238,-0.145864991228231,-0.145864991408082,-0.145864991174761,-0.145864991969935,-0.145864992321913,-0.14586499205299,-0.145864991818109,-0.145864992337536,-0.145864991611646,-0.145864989190353,-0.145864991187435,-0.145864990626251
