0.0112126412285181,-0.080295414899607,-0.0565347319823623,-0.186517050832754,-0.20717095274773,-0.161779931817301,0.399940453700055,0.300597626483778,-0.388685672970179,-0.164445872789004,0.198114714291905,-0.226816558743377,-0.104179749616076,-0.0143168969377498,0.0835941867054623,-0.0528574979587396,-0.133136963081547,-0.101024234531776,0.0667567997591485,0.103425644668759,-0.0003262220395969,-0.300677343097139,-0.0822177576167059,0.0017614644030233,0.0174068575415238,0.0933739083093089,-0.122299368057288,0.0513453677904692,-0.0439592007956709,-0.015463768184836,-0.0378858200058363,-0.109713123611312,-0.0919022043869921,-0.156321017238317,-0.0705665807352876,0.0921852029404548,-0.0754998804466999,0.0919345426623276,-0.140599918382626,0.0877385383815821,0.200459712143849,-0.110423850758665,0.0137827459032404,0.0523305176954354,0.0182467322533923,-0.119324642286126,-0.0541099033517208,-0.0524668439570956,0.0182682813096601
-0.0105452700397763,-0.0774510534985604,-0.0941701095165537,-0.184623346167855,-0.220231764924566,-0.108758585845741,0.275118707859031,0.262183370465871,-0.177816389891047,-0.0393712103976529,0.0595415655866028,0.029504321815667,0.0172326153658129,-0.0355280899724372,-0.0077384072915963,0.0332961114597475,0.153300587990142,0.0777128530669165,0.0173199817700673,0.0625020917384167,-0.155453913883178,0.223513010589009,0.232891807932884,0.0047415920912696,-0.107810942905899,-0.212040187547361,0.0795029309142175,-0.160212467569699,0.108243689004815,-0.0507680908417621,-0.0710328079097104,0.0061160537915772,-0.0507145932989212,0.296038565523666,-0.0901233174414042,-0.0753137779241995,-0.0003191479774011,-0.061924316866007,0.275072759573359,-0.116757406626154,-0.402732104242648,0.105392645597142,-0.0225688628964993,-0.0698592039877746,0.0413725528313677,0.211103525892985,0.0640422797533303,0.0872040195155682,-0.0443985187636766
-0.0345399360710149,-0.0748205096810173,-0.13547584820282,-0.180899325094716,-0.225191541585644,-0.0564626831518966,0.14686885043959,0.214872275242981,0.0349512548985965,0.0065297619909289,-0.068586985178986,0.203399947392732,-0.0211212417904912,-0.0064079648583026,-0.143895560151074,0.147352775862616,0.0775615297335627,0.108065036498476,-0.222205893623367,-0.215020156944118,0.145557329859675,0.238764126598307,0.0997595515974751,-0.0569952043767076,-0.013645252179808,0.0560389606245431,0.0591930571981108,0.0073079790639051,-0.194150157637147,0.210115624175283,0.0451175627256015,0.166830882304137,0.225804493184097,-0.0242787209987248,0.226347442658413,-0.0833558771466456,0.331531975984474,-0.0427822565111197,-0.209011792843872,-0.0140117268722707,0.263906966751272,0.00283794200462,-0.0126038442458657,-0.159037112822488,-0.149095499010577,-0.129198642571311,-0.0692714993004555,-0.0150377335837638,0.0501392091477022
-0.0607717536449252,-0.0721805528773634,-0.173121219061033,-0.175191817474079,-0.226047537734276,-0.0050047607230936,0.0313123869455793,0.156061505479605,0.164536446182233,0.02832102968583,-0.136033202303363,0.173674354686326,0.200610358947397,0.0988353434507743,-0.031888670500225,-0.0473081515043526,0.0275098364325736,-0.0757023463957026,-0.079909136819331,-0.111114928370059,0.188259777601409,-0.0856666703871642,-0.562585575242784,-0.0906598554322036,0.115854334886611,0.15644395235681,0.052024979598839,-0.0207713847095871,0.102970241515704,-0.0910058510524735,0.0567314925699537,0.129731956846509,0.11142468681541,-0.164377158133606,-0.0502410632472498,0.0063236215457167,-0.119677236126327,0.0726905394220491,0.131443985485136,0.0445503866153972,-0.161372300690757,0.148766633676308,0.0151270219617067,0.238213384183027,0.0867951697008236,0.158977615955754,0.158435140606126,0.067235176585185,-0.0550450084802077
-0.0885895558104737,-0.0706267322200871,-0.20149885731586,-0.165761997323611,-0.211355296133544,0.0298282935020933,-0.0689947865393409,0.0877776734205384,0.241407658334924,0.0368038079750549,-0.18088946732798,0.129564508595297,0.178788591836034,-0.101897086918907,0.0529957362940522,-0.123854558208615,0.0277492958266957,0.0529231065220545,0.163408041492911,0.215459104077103,-0.0331364444959051,-0.0072830395374035,0.0904973205393832,0.235771218679231,0.111927119530581,0.0869644152870317,0.0525512222694194,0.255842025950539,0.113813582436538,-0.227357219722658,0.108977002690066,-0.131567117040511,-0.107181982269614,0.239282211075874,0.227076629708154,0.0685558350158779,-0.285416543051754,-0.0108608911836358,0.0158436982523295,-0.0565385801663477,0.102805689251663,-0.155814631996948,-0.0852712896738458,-0.146044066175124,-0.117104487042522,-0.187710590081041,-0.12176863757241,-0.163645377344122,0.0601671057754718
-0.117028058990151,-0.0703422752996747,-0.220394646055774,-0.153997338065078,-0.188031402267706,0.0484362054711637,-0.139552902592547,0.0049220612159131,0.20677540672253,-0.0244864879351064,-0.189512322465939,-0.003879425203395,-0.26343131857964,0.0958992365753851,-0.0257984067301936,-0.0832413800021122,-0.221338945694782,0.0151259990001762,0.0912151437145296,0.0217913951687918,-0.225293354368524,-0.0573038885380636,0.296235823724566,0.0701260102186664,0.176149531081122,-0.130275213042821,0.144321925268831,0.0920380084242996,-0.0033600823985412,0.138105678381661,-0.0968886972519963,-0.0705817932948891,-0.128271954503436,-0.186957182347974,-0.104184214613972,0.0242448586670573,0.163041134765392,-0.185012973086669,-0.186663883723072,0.0252328307613714,0.0174219781786667,0.0886870605195349,0.0825202655064786,0.340627797822382,0.233962891852815,0.0913812061083406,0.076739743128881,0.106200609101535,-0.0225135111276301
-0.14529568912988,-0.0709483936418486,-0.223591522781054,-0.140290232401689,-0.155895115512875,0.0460827794241534,-0.170032039626893,-0.0685717133657735,0.158912679606749,-0.0233234894173076,-0.0093353453763051,-0.13815153731657,-0.0687456350079834,0.202338957437387,-0.0208040584697073,0.185631355847933,-0.181828790040412,-0.099837962241712,0.168448892176643,-0.194420923362429,-0.0753246967601501,0.0101793159410095,-0.102063834183239,-0.102020883463579,-0.230066981126363,-0.194420397624964,-0.354835854980712,-0.106189884357004,-0.0501044089605071,-0.0217991233580898,0.0782321379133331,-0.0308646942297944,-0.0483369156326659,-0.125246794732893,-0.227668296099357,-0.185311986420652,-0.0372616562738356,-0.0980546072034711,0.205508129616809,0.10378692720949,-0.0228707039543143,-0.0619308845681552,0.0635566418487618,-0.333343606244491,-0.122818221521401,-0.123151011177931,-0.087533116133551,-0.138388479704508,0.0068678680241293
-0.171991291680319,-0.0735701914227437,-0.212016274831044,-0.124743210207101,-0.108882131829561,0.0454193840058261,-0.156362445528356,-0.143903564424332,0.113269740681472,0.0281841249178574,0.0836678479516013,-0.18895659347652,0.188444068296341,-0.148889615614324,0.0619773953010285,-0.0573311696589409,0.217643970750411,0.0625082635652966,-0.0887397198673381,0.100744311587461,0.220897751694943,0.0197422446976553,0.207666039344901,-0.168567714097692,-0.320007470479466,0.0922282896211591,-0.187634182063535,-0.200717449550458,-0.105303560131047,0.0715507987130148,-0.0531282132614687,-0.0635455144324102,0.0524736741171441,0.120311099973084,-0.0990622139134083,0.130429690895972,-0.112724052362184,0.206182434044642,-0.135360961565694,0.0414591702509483,0.149166904737329,-0.210199513792962,-0.0182217649885257,0.210031425082325,0.0770006984621652,0.201953265568094,-0.0213894182481797,0.213475881345552,-0.0429639278783862
-0.195707818272933,-0.0777594348106861,-0.188376773055917,-0.106734014473528,-0.0536196701897348,0.0461394523695534,-0.109931412332863,-0.209005757599321,-0.0235391970888446,0.0224698006886485,0.160301294282671,-0.24266865806926,-0.148710196497394,-0.206076907595476,0.104352428146481,-0.217987897762434,0.194541326500548,-0.026962193630755,-0.300821730435207,0.0584610770575281,-0.0305088799926916,-0.0757799137871255,-0.0722220297381015,-0.009889314082306,0.0965199173242984,-0.0394369848278382,0.267696295947204,-0.113384723002703,0.0623579910113047,0.0904477198510881,-0.0161830673539119,0.14412948464207,-0.0645219276771723,-0.219090828460631,0.0358083897559398,0.213374059678871,0.0618437485341082,0.0687223268963163,0.0372187723522528,-0.215812840364268,-0.175900928130963,0.104129671813483,0.0897714764726853,-0.270585897604656,-0.025184415852751,-0.177357046163126,0.0477556581179961,-0.225851696712909,0.0498079528979486
-0.214973886103505,-0.0832009191732164,-0.1554428530189,-0.0909944838241248,0.0064843364051742,0.0347070323671306,-0.039058550108276,-0.235067298731685,-0.140664111735616,0.0839763109403762,0.244878607668569,-0.168116034054621,-0.145760237761937,-0.0165415104018705,0.0252652082209974,0.15855186288799,-0.159235690068615,-0.243316074760444,0.115066273646842,-0.130577044684143,-0.0156219076933522,0.0186995945175224,-0.112458040184073,0.227495055962202,0.119128893704971,-0.0238849062849442,-0.0027059190104259,0.0775265019188341,0.185707647142439,-0.0235729918619268,0.0372285072642831,-0.0997620816415193,0.239918004121124,0.220618580147978,0.263846151759309,-0.0449845091895232,0.157469714371656,0.107087274244149,0.0439290169186252,-0.0588730236889559,0.0391451024273342,0.102847708911666,-0.281310548105441,0.123519476258471,-0.204996624019623,0.078467435606437,0.0354369336134416,0.262811668112377,-0.049827167827101
-0.228170414858697,-0.0898297953575281,-0.115302401411079,-0.0811098110128676,0.0720201620151854,0.0308148590773057,0.0363286873847483,-0.233669560949216,-0.163783619685189,0.12893091821148,0.168090694414187,0.126841723387975,0.142420200495049,0.141519571620784,-0.0593470196212641,0.14766229636205,-0.0407476898388869,0.044856523353808,0.0934001084598665,0.115738779059316,0.0836949275200715,0.0358596211357743,-0.0104475650899469,-0.0202828981147295,0.0521834837301292,0.338586266832042,0.16104752798419,0.177356472048598,-0.110079647362165,-0.0296620065338728,-0.321981663767936,-0.0517743464653131,-0.0290452482272069,0.169962663151716,-0.179325409877857,-0.296512970857875,0.104397528690611,0.0771819244117379,-0.129651526502416,0.138335334477017,-0.134818703976533,0.0514386322342462,0.130034924163541,-0.103232437931235,0.25485570142661,-0.0280176952085705,-0.0307295630823092,-0.229254069780692,0.0745890988536042
-0.233850014129981,-0.0965389524974502,-0.073034984367809,-0.0773585041483603,0.139091225192382,0.0275861499066793,0.100739597039452,-0.194161796778609,-0.149529920045528,0.0883116189312073,-0.0016907149705709,0.316626111800689,-0.0739637961672715,-0.0002491562660329,-0.0730656953869479,0.0311746059593901,0.0857360124270257,0.344162587758257,-0.0545293973372688,0.196427283559161,-0.150977229483561,-0.272858595123928,-0.0514632595662362,-0.0978076722166639,0.0265939731178536,-0.141245550252533,-0.0577279316224572,0.0401651377004192,-0.208873520676303,-0.189328351628491,0.0086464760270875,0.221364749263311,-0.183859013631256,-0.0469980634645616,0.0105945364920549,0.0815902832315669,0.0677369212510247,-0.0735796765641939,0.206555272010031,0.178731168958888,0.130757892459893,-0.0322474911352363,-0.049697140810019,0.0335420613862809,-0.250393871248454,-0.0128567907422886,0.064810997580177,0.235464345931889,-0.109196159115163
-0.230825074396502,-0.103330839213363,-0.0305060475235022,-0.080233777538886,0.194476026339167,0.019699143329281,0.129835584675408,-0.128980680342858,-0.194856210897805,0.0022350154191139,-0.0795946868998804,0.133151407626851,-0.0665997039029591,-0.0801172193448079,0.0019171513563008,0.0851813897369081,-0.151951331601426,0.0359770511036649,0.0922874402734533,-0.0587378573535962,0.0023099733562449,0.0828181402721494,-0.0146545422758727,-0.152320780794889,0.0280178236953645,-0.0717872618048418,-0.178380210067979,-0.262944310084014,0.0180353497036699,-0.0867636010676218,0.235324768923611,0.10254973487464,0.153899591130446,0.0619047434534624,0.2175177439031,0.165286533913687,-0.231633655939767,-0.281820217934307,-0.186378070802509,-0.17677950825128,-0.0373893706339233,0.0107836551658516,0.0683069951223685,0.172690229377865,0.250055233509132,0.0765256625107488,-0.110140259426534,-0.310453653557689,0.124217323970412
-0.218284532896696,-0.11071523093829,0.0119124118442589,-0.090609581476576,0.235828380614838,0.0130534847690556,0.136646480204474,-0.0499264615517817,-0.150689072709256,-0.0360560314509312,-0.0358251433028929,-0.0621810291376138,0.237952861855557,-0.0085067500914468,0.0379208323799237,-0.158052707056301,0.130590560544723,-0.123347213968257,0.0664911984456658,-0.244517469415589,0.0347577165265959,0.30223388733902,0.0222652429859505,0.0178622613389451,-0.0096324668321985,0.114667902742405,0.171490573788763,0.121804485276723,-0.0211077382103422,0.154860219535755,0.23270426361406,-0.186822533927259,-0.318518607557507,-0.259122072318971,-0.0400998685568166,-0.133670585354421,-0.169856357819123,-0.255240672111564,-0.0453653472169016,0.0021141250827175,0.0037990389349608,-0.0296409953730269,0.0406896456221758,-0.0247763233606223,-0.13042080785596,-0.004253085710436,-0.0097513313220787,0.260463897258291,-0.0971854224263805
-0.195886934908734,-0.117685238479926,0.0540779218040799,-0.107600632435581,0.257528738717742,-0.0048068648019202,0.10294119732373,0.0255844283926734,-0.0337943828304403,-0.0926450871674825,-0.181083320778152,0.111080259525467,0.0250680868537543,0.0017368535745194,0.0589929132928316,-0.132748823133538,0.126999987189322,-0.022219901299555,-0.149871033417298,-0.10472043415724,0.0501749865143129,0.0265874734972413,0.106934951136303,0.247566636622611,-0.0825138951260427,-0.275467690198829,-0.253662640194568,0.32440037220993,0.0493060332048494,0.197933328453623,0.0100964893524029,-0.0909423962149037,0.15997880537745,-0.0452913716063145,-0.0882653535241624,0.0306540698714945,0.0479434924213553,0.355759748370705,0.237154691751846,0.111877821039657,0.0208768669589588,0.0859833418140599,0.0120639000254671,0.144932870849516,0.118160397303808,-0.0586235897495221,0.0582548846005148,-0.242243382451808,0.0915873055193374
-0.163965471367177,-0.124544287390235,0.0938748479467235,-0.128114410079821,0.257811049288092,-0.0171033920294978,0.0461614822347363,0.0803218183358613,0.060398871300246,-0.151564600142939,-0.311456356570641,0.135719495815069,-0.185131483881317,0.0362238927843223,-0.0352211571806776,0.0919045125259225,-0.151855786734668,-0.139931350107242,-0.134806644202942,0.0614284969211273,-0.0669255839893535,-0.0065635698025685,0.0088213285771139,0.0182617297331221,0.093580446255576,0.109461564347606,0.0568675838605517,-0.203893983207457,0.161566440341754,-0.0088731501213755,-0.297339114844609,0.0206077903588469,0.16350618257217,-0.0123731771464436,-0.156954431246431,-0.0180036439564802,-0.185215340287116,0.192685571892483,-0.107716870766679,-0.204828740306029,-0.0257658757310902,-0.316530135302746,0.013022185311573,-0.23738825702217,-0.0552911172091393,-0.0544716431993734,0.0145385082804517,0.255421886446277,-0.118087777782394
-0.123781263101587,-0.131340471260389,0.131799956225437,-0.149891956612356,0.233625829288612,-0.0288121395299119,0.0022788018725375,0.133142779927838,0.138555923296756,-0.115792748138201,-0.0882635553561853,-0.141461353348367,0.166693610207632,0.181057802522237,-0.0985787493121452,-0.0527920288713848,-0.0124143963000832,-0.0519916421138048,0.142917588531304,0.111277241885353,-0.146266713291785,-0.150289683290699,-0.0245956438438531,-0.218626965161414,-0.235909660629556,0.0292570010236507,0.378447545743947,-0.22133783790105,0.179231024655972,-0.0246873206829777,0.118874715314629,-0.0755007703850672,-0.0018176124991735,0.138352610558601,-0.0231490572195459,0.0672668710262791,0.250593354343566,0.0469300214444546,0.0476874114260763,0.0825339741421896,0.281037312483189,0.205422677351907,-0.093982336270936,0.007083690878237,-0.100589915790892,0.0685249474450637,-0.0069341582017869,-0.163817748101662,0.146888396562199
-0.077287395116524,-0.137667584253303,0.16701434702591,-0.171192255672228,0.188330532527817,-0.0459927655128188,-0.0493178767583264,0.154035419536648,0.182176001478409,-0.1085757941338,0.0846291179974211,-0.244341172148283,0.169748513074733,0.0910033521254624,-0.128248863362329,-0.164118976321233,-0.0704440525719582,0.200818886926344,0.0731043441547381,0.165583659285513,0.180135455536933,-0.0737627323730351,-0.0472007362892764,0.035020890114519,0.0711948021032385,-0.0728267583476832,-0.278443873892112,0.0317014537137641,-0.0940785976945968,-0.0366775003350248,-0.104427544741874,-0.0853174923280127,0.0649431939881771,-0.045768513634781,0.355520907064251,0.0367387230279275,0.20802050966775,-0.143420036465907,-0.145852025378703,0.0473225569143885,-0.323583417567175,0.0506894040642748,0.0549849275846356,-0.174018569401249,0.090632187200022,-0.0419496099932498,0.0770525718954905,0.132768619368188,-0.172027731927533
-0.0268405435826885,-0.143283540143489,0.193640597292307,-0.18987772690996,0.132327476607975,-0.0553810923963425,-0.0852715980741613,0.136736432674789,0.189610869952055,-0.0428852283684622,0.0919327578508316,-0.201980098543659,-0.0969235166983126,-0.156642616800318,0.0810406817791363,0.0209066822712734,0.113608729179192,-0.103298912846256,-0.110894245842154,0.0221418179331686,0.109454037965175,0.0480202231254763,-0.0454131281222202,0.0978633022185358,0.269610417686576,0.055647703846219,-0.0976262746518872,0.029597556231598,-0.193507564719603,-0.0596056597081986,-0.174895161805494,0.27562769410319,-0.102186427717108,0.0959086989846207,-0.210008877592504,-0.19013626548199,-0.0066936777038186,-0.294054236752675,0.157093375962093,-0.0648655153776552,0.122126717631853,-0.040385065842146,-0.233491339345174,0.165330499530361,-0.0707507714462731,0.161937255651409,-0.197828721737052,-0.119609531646846,0.190453072123046
0.0246898612795312,-0.147655943362602,0.209743193038418,-0.200773920734671,0.0637088954192168,-0.0614458737305439,-0.0945997351531459,0.106126064045119,0.158511517197226,0.0749137661122602,0.161597519696101,0.0467356378062854,-0.229754235621154,-0.046047873106311,0.291080277989674,0.30692755404185,0.130622146636408,-0.105735335733444,-0.0933639229423148,-0.125719307830825,0.0210036304787295,-0.0961945944925389,0.0364967947940216,0.0887756854219246,-0.112815244492402,0.0250366703251107,0.108840379544979,0.0961819111104357,0.022248281364706,-0.157513180463757,0.321609900513878,0.0940442564373689,-0.0735184421626585,0.212217634491298,-0.0407230111056273,0.0717536443048126,-0.0371459711799528,0.0076308079208954,-0.150263663985761,0.221203758086083,-0.0298278429319066,0.035830978952101,0.313560391712099,-0.0348620016664878,0.154925683085358,-0.103416313577429,0.125178547596718,0.0804865393704927,-0.199769157448472
0.0745278361972717,-0.15090985167465,0.21454262731874,-0.204246698078851,-0.0028265422154444,-0.0637293983766792,-0.104184096447481,0.0449140580600247,0.074278749600007,0.181489305272781,0.1808418338744,0.119911283075666,-0.13011541347453,-0.0316718120478124,-0.0155758300097991,0.0304749780976795,-0.236178417322268,0.307683842345512,0.120509441681797,-0.133646214710588,-0.104712352117503,-0.0270884455994581,0.0458744587388638,0.0584314100005983,-0.204734616371783,0.251617221213298,0.0086747973867889,0.036779596227319,-0.0552562654201009,0.153059656960034,0.0747963090897871,0.0097795554324036,-0.17657281816345,-0.238860266877037,0.141251127726137,-0.0228929803845095,-0.0988696385582447,0.325028825883396,0.0487094344120579,-0.227123188469111,-0.164120668755305,-0.0379185584697172,-0.0797324351789393,0.0302962676262637,-0.116943451812108,0.246030060328335,-0.0475863918163324,-0.0627170506436423,0.171255813377799
0.120072967635223,-0.153102524203789,0.202690792195235,-0.201270548962718,-0.055147977528558,-0.0478625750588441,-0.122452195398408,-0.0283618386095715,-0.0470039626534601,0.193066532516571,0.129119696960334,0.0074630812281165,-0.002299667556689,-0.237247920004732,-0.220637905257173,-0.155871122688885,-0.0547606899793526,0.0869726688302026,0.295272257432406,-0.0109865719630663,-0.0310178087997212,0.24429008870756,-0.0326552288453016,-0.222619956804043,0.132198739892365,-0.0448614274894696,0.0245632737140964,-0.0198296899793378,-0.0153286119076975,0.0506287454360594,-0.0574483360559636,-0.0264735390231471,0.210081634330727,0.0422263444460056,-0.207210952006382,0.0669856359197157,-0.0840944010328269,0.0411109828503822,0.17314291073094,-0.0648841462086626,0.158605515607956,0.063506774100298,0.0511824401440679,0.128965891298404,0.0609693459885813,-0.450591739349225,0.121954609331025,0.0500582197652014,-0.169281613147659
0.158974347581348,-0.153880146613058,0.174751586586443,-0.190470852694145,-0.0905866494133688,-0.0239137629775306,-0.119922170178786,-0.0880712629773815,-0.0977354001525258,0.183280040388848,-0.024598254177665,0.155806368005359,0.0403140683536311,-0.0743487404412724,-0.135436696635515,0.10915741178778,0.213030241850608,-0.314880137214771,-0.0768089792571737,0.0278870608259491,-0.0279641376127759,0.0089510761657421,0.0639073482926644,-0.171306528522349,0.0885970888086428,-0.248184100255956,0.0259649290478776,-0.0143406917742218,0.0235283844674929,-0.230925662106904,-0.150198505886313,-0.320677447423718,0.03597225084997,-0.252864676438901,0.0949210143304348,0.0500116864026402,0.0226392960421031,0.0053258731830679,-0.18222891417367,0.243007416379224,-0.162818860776533,-0.12166050336103,-0.0402550955202503,0.0307760827042324,-0.190682727287322,0.134991816986541,-0.05341260303442,-0.106014009904192,0.175156483279469
0.189875821429298,-0.153490327558534,0.133968445208687,-0.17161220836782,-0.106388891823844,-0.0041915770073599,-0.0973359852970755,-0.14258746865725,-0.143156131693725,0.139608702602185,-0.0378440050987501,0.0317449213583384,0.208066197307783,0.433540204371999,0.224589054130147,0.0646630742135412,0.0122993301974172,-0.0607048751670791,-0.299645308570959,0.0591417433259529,-0.0982039593978578,-0.135657870222288,0.0105628424671804,0.0119429438066232,-0.154862732242909,-0.0635968621918615,-0.0013908578292564,0.025442421165069,-0.0593168487596917,0.114893630110305,-0.120204487444313,-0.0491726137871567,-0.0030835193629621,0.0037989476639438,0.131953474622299,-0.0273413188097982,-0.125263262034385,-0.173485728465314,0.0855392616860589,-0.298493545653225,0.131949278478433,0.101452504972809,-0.204667431044949,0.0295444601275376,0.209429464277017,-0.170989444574607,-0.0869841863610308,0.0546050722573598,-0.146187666657884
0.211706035609814,-0.152392569109466,0.0827201695281367,-0.146061140157225,-0.0979228189403936,0.0422355131493868,-0.0609742697315215,-0.186064695381637,-0.200884364839529,0.0180070683843456,-0.0568697305981248,-0.030719045746982,0.173864607588795,0.184919877941719,0.242583145250647,-0.186966353695697,-0.167467287979901,0.160177014297118,0.0328950510801996,0.0148512868995185,0.0231637508146867,0.181747118836658,-0.0430986419201175,0.152071412239279,0.15843862743082,-0.0174231826283664,-0.0874376321689836,0.0138763454697752,0.225650428532814,0.0666083350034484,0.0377777391784582,0.221787665287645,0.075581671484375,0.0991177708770553,-0.208705721151087,0.233052529932065,0.131263593054412,-0.0748778051007862,-0.109733990827448,0.133061696173981,0.101187004098688,-0.134236088292779,0.192011705835687,-0.174131287649865,-0.161382462429941,0.250774203958554,0.131766218649562,0.0237075023550957,0.172964468392524
0.224314061060888,-0.151130932487702,0.0278651091685564,-0.117732253817954,-0.0662342874624512,0.0839177013637972,-0.02974354329694,-0.191034214171734,-0.140140713368576,-0.100047434944979,-0.2556728136426,0.018822564142957,-0.0513512466556975,-0.321651696719768,-0.2197727649845,-0.0910189114016733,-0.0728289879344746,-0.0004552535219742,-0.0006167250590267,-0.0562416339511506,0.132431069941422,-0.100327790126658,-0.155394958886816,0.211715769703021,-0.152722343045532,-0.0746513148379754,0.0208017201097272,-0.194867914095965,0.167045514127777,0.141126945275448,-0.0337390331619636,0.133979011409169,-0.305643595916226,0.125698537893212,0.100123211301634,-0.202683417967756,0.0496742076693512,0.0598581916788667,-0.066715088713101,0.234134169393657,-0.002181949337288,0.0794650016383347,-0.0769263401609654,-0.0293303654205854,0.161116461747988,-0.0281709486564234,-0.268473381991212,0.0113391714750604,-0.168491089533747
0.228277423573163,-0.150071520401595,-0.0277128164999696,-0.0863792122442943,-0.0238552769945422,0.11749795196502,0.0226474525807526,-0.177887446108562,-0.0471990416598793,-0.199992896631145,-0.138482771225296,-0.0996986522543252,-0.183930862583221,-0.0623814917648357,-0.262652059736623,0.0798610473733767,0.0528692084514508,0.0118897095628035,-0.105861248372812,0.207039097830445,0.0974467512800103,-0.185937506831935,-0.0250341286109943,-0.0569592738423337,0.0525215453027748,0.102598061241466,0.0154408662258146,0.136287133913705,-0.19670290487738,0.157467452231892,0.292761214306226,-0.277186393752528,0.146217259841072,0.136665834720043,-0.0273007760135483,-0.186474940837102,-0.104100851657866,-0.113016283889217,0.138251159894802,-0.167712976295738,0.0304255884950055,0.0077332597274689,0.173182223550022,-0.0892933140321692,-0.0371939362149852,0.17191503285394,0.290440657388688,0.022437811744978,0.148086401600331
0.22433469011625,-0.148385324466208,-0.0775233559621076,-0.0531092186757167,0.0253749798901569,0.149252012896762,0.0793188456223089,-0.14580145675253,0.0108624114928837,-0.252987019343978,-0.0750984276039375,-0.0004818347083681,0.03630080991114,0.0585270571121432,0.190384239126854,-0.0105033400714073,0.187931727462846,-0.114343028469029,0.252494940811944,0.137334020149564,-0.132127685298608,0.042943694212625,0.21802905197482,-0.128652850862629,0.150551778865229,0.185319582922784,-0.0813116098127169,0.0212346260349325,-0.0889862451743508,-0.166400107664028,0.25729241287559,0.239250044004855,0.177194470481044,-0.229413269908764,-0.0272762740651748,-0.118308509883756,0.157050419205885,0.24047943233306,-0.0114969814478967,-0.0493421915507087,-0.132567617847631,0.0845205669591964,-0.132660966045639,0.0017380360236124,0.0323985047901245,-0.0073772895246675,-0.227597641313302,0.0051709531103717,-0.202229337841627
0.21393881135354,-0.147559206998949,-0.120697958501584,-0.0213872140654707,0.076241915991615,0.166845524678109,0.114907588042729,-0.0977156083541429,0.0704789524382759,-0.234222374520093,-0.0139369667991748,0.0463922544106612,0.0135219756500844,-0.0675261711554069,0.110897525525842,-0.104274282037815,0.0441228070734185,-0.107888904855331,0.0930719524333345,-0.37210154868406,-0.0929530269167563,-0.0441687776543767,0.0326443364018835,-0.0278447602640218,-0.216386718414367,0.168479016308628,-0.0606631960919999,-0.0165987854138658,-0.0677294854701287,-0.219028849762563,-0.359539619351845,0.050349548010696,-0.114737430629966,0.0878041439142065,0.211723551116783,0.0582154964566109,0.115255122786115,-0.0939719973623687,0.0923739964336059,-0.0850740177450057,-0.021552523873262,-0.0952470025140758,0.129224477142733,0.152890126359529,-0.0569733000190144,-0.18167631734452,0.321436567505384,-0.0076211654766372,0.195072787509652
0.198420729092703,-0.147850026283671,-0.155959648072989,0.0078413668571694,0.119320303384883,0.170105031897848,0.15175493972134,-0.0514028262399471,0.126799903236528,-0.123827633906264,0.171380953930237,-0.0185005265588528,-0.0865325073121488,0.184323481173111,-0.201272679744983,-0.0036488127112168,-0.124332173633088,0.173168555663339,-0.152630892763686,-0.265411868533148,0.164325839440683,0.0775369619166004,0.0156389351883818,0.0685497283455463,0.0763369275922925,-0.0538415251632795,0.192983233539235,0.0355182808385004,-0.158842836713037,-0.184140820614042,-0.023017810101633,-0.219172842651398,0.010171839714523,0.0761687387374271,-0.192796324745124,0.406465250975062,-0.09892568820879,0.0222275104051469,0.0351791396627017,0.0485884764274778,-0.0247808069468816,0.0287377155478265,-0.137025712425341,-0.0392262528367022,0.0022966878873909,0.0816767768795122,-0.272645652151984,-0.076634448912945,-0.198846325618899
0.179078255960098,-0.147839474375321,-0.17986175005499,0.0341177525836031,0.148992603903238,0.138884846181093,0.15455262066426,0.0128283209283097,0.160776025724714,-0.0152029466467737,0.199072861759617,-0.0550181881323935,-0.0180982527589792,0.147379407513152,0.05318256040487,0.2614543283627,0.0520154238483062,0.21246414542315,-0.0319534604067059,0.248931617975774,0.134549055425073,0.214150515937522,-0.0063937552188593,0.111361831084079,0.108839334581768,-0.17926663194244,0.0234934117239909,-0.246779043524134,0.230357799779526,0.039823970922251,0.0071627856478647,0.0037830160031363,-0.125063328961897,-0.188013424425152,0.0744102233480007,-0.208427359993094,-0.183963052831764,0.103693025074677,-0.0655768986313331,0.117178678399565,0.082867904019747,0.0285976294364883,-0.0672613570523849,0.130645523865824,0.0112515592657381,-0.226317651131601,0.190589698361906,0.0379587223856712,0.238063907154836
0.15728000375178,-0.147854477107042,-0.194257905386876,0.0562524682701772,0.167954785339277,0.0915208466713683,0.128927577007135,0.0779969390859491,0.150553731515269,0.110339084039357,0.0669795940784073,-0.0021920081816909,-0.0589856841915426,-0.204403661239339,0.110467892725093,0.125791377116177,0.106899266376345,0.0299189221960167,0.0346217724306535,0.179154743999708,-0.311769916549938,0.0807935856535357,-0.264445062682258,-0.138721655043237,-0.172283247949563,0.0545345616329991,-0.0754186508092585,0.266469652727774,0.208990714306446,0.310831039440846,-0.21061757996388,-0.0542354726025454,0.136325367909419,-0.0351062068633217,0.0534010223731993,0.0918128406595644,-0.0067102228139697,-0.201793123311865,-0.0192838327558403,0.0481720025843566,0.0469936346477527,-0.0073814278047702,0.115496406387226,-0.0145997258856875,-0.0602689979151498,0.172815779840641,-0.187882896946127,-0.0674673147810733,-0.203485050664765
0.134052687587851,-0.148401815509719,-0.199153074720165,0.0738232788585208,0.171088976987172,0.0345312009925658,0.0842915559541752,0.111168672381503,0.0688519205295223,0.241105154614333,0.0226726865806781,-0.0255848668465,0.214981384961953,-0.114230144439674,-0.0179406524249785,-0.152436913794256,-0.26329258489634,-0.206751307602857,-0.0778407014509754,0.0077451100321277,-0.185709617412291,-0.0996814500185398,-0.0676029843867361,-0.0775815547265078,-0.0546448631813577,-0.257758661925013,0.078484135023011,0.106826253041683,-0.311610478252139,0.085192348017947,0.165892765177663,0.204643081757519,0.0190010528960887,0.182239172067108,-0.128135948197023,-0.0624789027685727,-0.0476364700711529,0.113739177792685,-0.263929142980077,-0.0037043312835322,-0.197936451235229,-0.0730057354695721,-0.169330901086974,-0.0484760760001949,0.0250890801128604,-0.0882528748745188,0.0708276072860303,0.123150483599249,0.203077182090765
0.110242844626932,-0.148900104737486,-0.196776256839253,0.0881662966208911,0.159796847318384,-0.0352965139943518,0.0085042544439377,0.127013036804453,-0.0287675410975023,0.294590051911156,0.0904554634407978,0.0491101162319688,0.157897068253374,-0.0177929678725287,-0.109167865910116,0.0046185634077006,-0.167713130653516,-0.23594857063041,0.0505146814179612,0.0237198316667244,0.344986181352951,-0.22910366493723,0.342087688951907,0.0533857169454823,0.0463981267664656,-0.0455490184374997,0.0449223089682546,-0.0494429802726846,0.137577473623543,-0.0210294437309698,-0.0170458401135569,0.158859264427246,-0.0109598049657926,-0.131908317713451,0.0657089796317085,-0.0662117926962542,0.0530232802624825,-0.042022233672008,0.248216662952295,-0.149072448970486,0.122841997347779,-0.0624327517937883,0.301163870646535,0.007669162099978,-0.0846258908544382,0.134128873653604,-0.0047205150546814,-0.103810721493039,-0.220441811397481
0.0864011067363381,-0.149964696601802,-0.186111781930585,0.0990015281780445,0.139696765961713,-0.102946753286171,-0.0806316575055452,0.138223975367061,-0.0776796967879874,0.274556763179615,-0.0503410375068928,0.12554839249278,-0.222703679666499,0.0084420046603348,-0.0092345357779421,-0.16068503141186,0.284464035755481,0.103208244424064,0.1090425751613,-0.103456379582127,0.11635314387598,-0.121284617952563,-0.0438146682222683,0.0360240390783691,-0.0482977117500013,0.115678675610874,-0.195267443449866,-0.0106654233242139,0.215613865019365,-0.170698380789356,0.0832549664654493,-0.176738126856877,-0.0160365588414847,-0.0392488352575357,-0.212636596647193,0.0107098992926691,0.211716291142174,-0.109335629349622,-0.104962614702977,-0.181175840513634,0.0687596256669808,0.0829476969212741,-0.216262747239832,-0.204662344559739,0.239451829354718,-0.0211141961731082,-0.0127048874291625,0.177346747317701,0.209309057635715
0.0630480950051704,-0.152099750344187,-0.166418280454373,0.107479873583086,0.104073161720077,-0.168381667596995,-0.154345792088738,0.130387916980938,-0.106623694318993,0.144915794669521,-0.149385103514357,-0.090496227572998,-0.0879359022588807,0.0881972642741925,0.267491776208402,-0.192292527706004,0.0596089347363314,0.183442842074533,-0.0759466277248946,-0.15097187019072,-0.170389521720393,0.0073473604864044,-0.0891899511252138,-0.0239733045538303,0.26369410052743,0.0429096364334857,-0.0040420966431359,-0.311302460117189,-0.20955192072378,0.0246249015073728,0.0090420294848162,-0.264274026328407,0.013515934815003,0.174999749489619,0.129554858690386,-0.25283849894586,-0.0015114752457437,0.141199504923581,0.0175207583150897,0.12745507141944,0.0104924229573132,-0.0644326649474365,0.12534791501852,0.11313818484051,-0.150093807511779,0.0335733677552034,-0.0060073188889806,-0.182866843615454,-0.206596778260616
0.0406952750025294,-0.155122826241298,-0.140078780112115,0.116739040796305,0.0665706718450754,-0.226884935635507,-0.204848669160408,0.0888508649836286,-0.134662667149786,-0.0401322826367157,-0.199408701429872,-0.0631328112478405,0.0306420947421235,-0.110142900912872,0.0543485148044155,0.242388259925344,-0.1942794874932,-0.102342321878509,-0.0849680347222861,0.0755610085307157,0.018600606704836,0.13655415448542,0.154623298989692,-0.121984261569486,0.0927406533392319,0.279982225835019,-0.0632272336311702,0.0049433622188023,-0.0897606580073084,0.0977080012035635,-0.0426157506109031,0.0151012107654274,-0.0898035420821916,-0.0371623246436158,0.125619582587022,0.330065477619586,-0.0841204815767243,0.0013020087275944,0.268970921382393,0.307716181932963,-0.0572662835027677,0.253626027431876,-0.11979632175076,-0.125171321371043,0.0967533336309062,-0.0589308585704226,0.0305470543527597,0.133557006417756,0.172896972607219
0.0193975643990804,-0.159152864300286,-0.104782576574148,0.125801721650005,0.0292259786618534,-0.265705459731025,-0.212489340753868,0.0362490220315704,-0.14554644486714,-0.105253938805623,-0.0933061590532041,-0.0335962183739924,-0.0353149209827435,0.0957284432565213,-0.20519017104999,0.122841223281864,0.0336813623154655,-0.0962733062604986,0.0062862765939612,0.261219986102657,0.0018023799967335,0.31395984563793,-0.203149880375406,0.241516895323662,-0.251862071227564,-0.0168258599930847,-0.0302801331876253,0.0750972051760107,-0.136912193904544,-0.174260354124194,0.0357710440906632,0.081045196040573,-0.172216154665308,-0.0292294654466283,-0.0983228017529196,0.124723966910739,0.142669853302891,0.0542775971914488,-0.172869226151176,-0.258472696482764,-0.0161359795638191,-0.0218799729546584,0.0468258236638021,0.205355832914294,-0.155144488728281,-0.0298357649857834,0.122414260975071,-0.158951926749447,-0.172451547379262
-0.0007839437521496,-0.164181176089755,-0.0627764633290695,0.134895727189641,-0.0134419445062897,-0.27793526259795,-0.174722193283516,-0.008016046195781,-0.079072312283854,-0.1595072850791,0.096539355976732,-0.0962070645913253,-0.143072514368915,0.272398870517678,-0.187332020592829,-0.123073133765802,0.23213904285469,0.0336988118728495,0.172959697072992,-0.104323256609907,-0.018351536962219,-0.0362858068474693,-0.0363620583926937,-0.0447018384453948,-0.0499390352518234,-0.147021483908635,0.238458695204354,0.175265446581576,0.0296560026822148,0.0481216359211779,-0.047922541858815,0.267345981496956,0.172411871169064,0.0053924345226085,0.210460212645135,-0.0528957111005875,-0.230787490713595,0.0158215481375168,0.0858644501679386,0.123474167103967,-0.0003892388589286,-0.255976835830412,0.128898651786441,0.0043938811654933,0.158419296219218,0.032342482777428,-0.202793295738302,0.144384371752272,0.18708414373428
-0.0195100432918318,-0.170306121623569,-0.0174432170350839,0.144529255165484,-0.0504019283211503,-0.26720959789468,-0.100908547958382,-0.0681939945035707,0.0040101667137109,-0.225861318807133,0.0857112913543703,0.0437081038779513,0.171861893894168,-0.0940160991486654,-0.0637953022630524,0.080568374478664,0.0214104085775297,0.190991086831922,-0.0736727571039528,-0.193305554600341,-0.030837128823392,-0.285292201387489,0.210891708656387,-0.0266750000500293,0.0057193223317561,0.0693172354754922,-0.033342340318903,0.0615899215390339,0.263811317754915,0.0990708687347696,-0.0025844571366184,0.0658213406430171,0.145335181406987,-0.0030480949114786,-0.192591463464342,-0.0969222848477014,-0.166267937972864,-0.17913444993477,-0.234856956293334,0.0586765284496785,-0.150036858893843,0.0866495517586202,-0.261614316382753,0.0669109490312412,-0.245583934518321,-0.0852474711366577,0.192430855330719,-0.18222867846243,-0.15480936097689
-0.0368630727761299,-0.176573258962931,0.0301022049889131,0.155064268366197,-0.0819554063580793,-0.243353017070287,0.0028191294019742,-0.111579064192706,0.105279185318449,-0.220537000074586,0.111366872399718,0.0590615320592903,0.323819402946814,-0.266560519221851,0.0794868730824912,0.173395448074396,-0.159122433534674,0.135864977568529,-0.167370916454252,-0.0515518451775466,-0.151085852879022,-0.0291969092622118,-0.100056311654005,0.0137685225404749,0.119199490429377,-0.119940326836655,0.0179070208067992,-0.0124497018332288,0.064673895326006,-0.158739422872061,0.087208352261536,-0.207323068459768,-0.0048719383685583,-0.0676198546353195,-0.0607348481852606,-0.0788090933185496,0.252287047287217,0.0504936363368914,0.113218250069192,-0.196256731164886,0.0791404808257105,-0.0971437132041821,0.244223324415275,0.0406079166489727,0.166878231233391,-0.0282820241643577,-0.256082570637508,0.179669513143186,0.152669310214356
-0.0528585040240259,-0.182685242507872,0.0733301130749135,0.16529261061741,-0.109245438481104,-0.193423164147222,0.0953604474863315,-0.126873161825069,0.138609357602891,-0.125023324413033,0.0756263750909437,0.162291578540788,-0.161056369163649,-0.0990276649585559,0.257573538014247,-0.211553177041436,-0.172324937851423,-0.0748741072881585,0.0581542707188252,0.0701042459338675,0.186702428878855,0.170704233017273,-0.0356809683495522,-0.201575640631644,-0.0768218204899008,-0.201657743612918,0.0778882726550349,0.0938491595522894,-0.0831527865505972,-0.124327400898907,-0.103439541144278,-0.0333904476117646,-0.0488023283065405,-0.0596071760980783,0.100674736782784,-0.141370561593031,-0.0877020365182572,0.0486957311248946,-0.0368258413320749,0.006866394197656,0.24806836301495,0.123261174408161,-0.185362504678233,-0.253261457317157,0.130232134577426,0.260713219940997,0.244836217109056,-0.0772940011757875,-0.155289853561204
-0.0675111725167798,-0.187623054110858,0.10913602345273,0.174297693692911,-0.128966258366964,-0.122531370692918,0.166344277290605,-0.129950259823278,0.176372306436031,-0.0079192101096109,0.0236301410044338,0.268585353337683,-0.129772476538199,0.101523340842088,0.196923558561029,-0.109768445332247,0.0238091922914189,-0.154983441297979,0.195802478747241,0.17169626681621,0.259275101488014,-0.0954633775492998,-0.0344128368798682,0.108231686986234,-0.0718413403023906,0.0268036434614464,0.0222519908499166,-0.197901046275957,-0.137456541586121,0.305783778406402,-0.0053297547563536,-0.115848687425286,0.0458000171330213,0.0972045227940624,-0.0874090134701549,0.134633026234535,0.0574683741266,-0.109425315478558,0.0244896465020476,0.005754210142555,-0.231717384550747,0.0821894441279161,0.0910673725727944,0.119344424349307,-0.2511527793618,-0.190374933381786,-0.217907562366512,0.0796978454374235,0.132340865907787
-0.0808099590655228,-0.191988356799242,0.133749763860254,0.180810130376667,-0.141281328265451,-0.0499030868337823,0.216396449293598,-0.108706736470114,0.199499815180783,0.115851123498239,0.107527646393687,0.0098059585371391,0.111288436710769,0.0927852362146285,-0.293664637052791,0.0510202918857445,0.218399884428298,-0.190794575610404,0.0614042896358068,-0.0752898482117051,-0.311354143641094,-0.0208029217101753,0.0006572970393858,0.208221420458513,0.220382074190167,0.121367186529813,-0.176280679276276,-0.206123120919213,-0.0661484447892609,0.182197641246145,0.055751623098929,0.0452254442301464,-0.146100329102832,0.0270455452545874,0.0473708236144716,0.165971738143151,0.0179293244082337,0.0603575254694209,0.0305600116747041,0.0490023486602277,0.128947593710448,-0.138289713724249,-0.0737161942891666,-0.135123403262093,0.212784032555612,0.114096752380026,0.201874010836986,-0.0948474002599187,-0.0985202641140597
-0.0927512201427081,-0.195003450391483,0.144444436954506,0.184793754822043,-0.142910736575084,0.0343244078527363,0.207059715292772,-0.0737634423797592,0.0957919130473088,0.199285161100476,-0.0641308234333596,-0.201807038093119,-0.139289766106008,0.112081757568948,-0.190558006885589,-0.240393697149155,-0.105452591075546,-0.0194340879833061,-0.338314232500456,0.0379466616794036,-0.117478162767949,0.126269865687469,0.120534967279372,-0.100424949559219,-0.0966250473213551,0.183198026757178,-0.190762581502226,0.0981127892928082,0.179125553664185,-0.270530293726458,0.0171930760739414,0.0796993642505085,0.0148995963183495,0.0438172995401319,0.0219109457396753,-0.143728213539317,-0.113944855069678,0.0392494236095232,-0.0576444588445412,0.0614443278569436,0.0046028950843038,0.269584832888936,0.203114544855182,0.092720768312557,-0.144599020135293,-0.0572206916707251,-0.148341471016999,0.0853791486407341,0.0716152775312703
-0.103362295046669,-0.196357070025913,0.140470918763625,0.18736177442839,-0.136139701531727,0.128067190497754,0.139368454513354,-0.0098470523494583,-0.0212635762156092,0.157787871610822,-0.263956470279088,-0.248508150530441,-0.0787880431829254,0.0372663495994834,0.0943440508387744,0.182123841654199,-0.0355098676876563,0.125447987288002,0.0183463294239128,-0.0410547586957864,0.216028468472283,0.0084890228231727,-0.0263719893316512,-0.306999895359655,0.0400261340134122,-0.029401358236365,0.0968160206343951,0.19189687868129,0.145714111676855,0.0472469733415832,0.0848307919576831,0.0098830763809899,-0.156551483830425,0.0645800492743756,0.0202075610108593,0.0494724267812388,0.231222249757528,0.0182414950896969,0.108060076931775,-0.0412109009105588,-0.172038889316579,-0.42595780012263,-0.196699540777142,0.116628326454454,0.0515516301858886,-0.103628135097504,0.059739452888799,-0.105468599227096,-0.0690604710903874
-0.112537333325872,-0.1967752789079,0.122388664296838,0.183772405112637,-0.120537169753786,0.226009128217779,0.0283061093424391,0.0916265110268087,-0.0846410433529028,0.108925019668027,-0.259526819107111,-0.233693025072237,0.122629968973125,-0.108099068679302,0.0825540081605068,0.263470404440652,0.150151061078231,0.154969545189223,0.275774817207043,-0.135749651603717,0.0357944538275173,-0.131677002742783,-0.0227329907123896,0.171090339728123,0.0109348994231383,-0.173751001936191,0.102489083025329,0.0071017175025502,-0.204951507389131,-0.0695629345404793,-0.211383814795942,0.0448880395047968,0.0990121527945529,-0.0839049228444631,-0.0411866233719037,0.0501088632977501,-0.173938648048609,0.084253638091694,-0.140513960726991,-0.131775573810807,0.0933297893704313,0.327229527212529,0.123986496963235,-0.100335812580803,-0.0733618855557623,0.0881265954510607,-0.0116237156445675,0.0701005986933684,0.0480820409047822
-0.120417553032671,-0.196175938229273,0.0927802400704757,0.176956112796223,-0.0993430811488343,0.330887088823246,-0.129358667593819,0.188528514743304,-0.13005090418738,-0.0061128445418347,0.101876458224196,0.0607860245972057,-0.003057609753141,-0.113196258255343,0.0390829637495305,-0.118581775214323,-0.118513369392548,0.0253071948229217,-0.0967489425113179,0.120517431024137,-0.0881933869609541,0.0481403445098982,0.0127453243816344,0.311827544686346,-0.249663381838516,0.139810079873133,0.161487416428151,-0.138032339473852,-0.0852769128587864,-0.121241454510035,0.0839007126377795,-0.0450224992781476,0.339105924735538,-0.211890464022421,-0.0233416195103151,-0.0828595175404208,0.045158855701942,-0.217734640691246,0.152704154251218,0.224986554372164,-0.0292159049022482,-0.207289335929755,-0.127124252614403,0.009971031053847,0.119642214289387,-0.0187131450398069,0.0682399238353864,-0.0371286500817323,-0.021063412592478
-0.126813031466683,-0.195434288182568,0.0533850337744168,0.167595811645745,-0.0728791637697262,0.441556680735219,-0.324969925123985,0.299558313612647,-0.168224215557934,-0.254653704323481,0.241788840702007,0.251762902339994,0.0029589167437508,0.0785962870690271,-0.0470181680547373,-0.0496661992590567,0.0214943273979415,-0.103182095703894,-0.0471897260715172,0.001496152656371,0.0038743649235435,-0.0006919349045567,-0.0188198507161492,-0.234517036417024,0.167335276797788,-0.0591782571056436,-0.151559266549167,0.0492244341981478,0.0955183354500614,0.143553010050114,0.0099312304561656,-0.0048269079272497,-0.2403260879494,0.174133487307363,0.0263677390921808,0.0132632905729292,-0.0073099648702508,0.110244673635376,-0.0744159708403258,-0.111782110353894,0.0341287164044216,0.0859378640527674,0.0607321731032982,-0.0032200761463858,-0.0504268485155946,0.0145627846349865,-0.0553280060154759,0.0231376526013218,0.0075729792998426
