-0.139611475313208,-0.142164484409331,-0.319050260938084,-0.138461615524792,0.168769392512455,0.313952721410124,0.146443784767956,0.415801091185796,-0.302600973615457,-0.292074452544163,0.163688503065158,0.283603567474703,0.14932421143742,0.0725333141478624,-0.031511865734734,-0.135517664260353,-0.183341857646535,0.0324314639826813,-0.0387241231444666,-0.116138948839557,-0.0188323748278787,-0.0942723297322021,-0.0177625667513757,-0.0388404255153538,-0.0818257969810818,0.0428750139805428,0.155917128154916,-0.0544329593432743,0.0424486912120445,0.0146015531853526,-0.0618450081967837,0.0605481765207757,-0.0665529135092708,0.0166809579667591,-0.0746395406344959,0.0239374832647146,0.0598692949348133,0.0101909377884727,0.0798564425910434,0.0898673726225038,-0.0931399496926423,-0.0062572440090655,-0.0906208643706529,0.0613848806380235,-0.0173615443612309,0.069637351466592,0.0917802388751916,-0.0223850428123243,-0.096345659903108,-0.0171643784405034,0.0869377446850517
-0.139741766144147,-0.135294556912666,-0.308038303746375,-0.14089702689216,0.141952289658777,0.231186767063801,0.0649375226451523,0.206234017895231,-0.0758752454142522,-0.0222819357886383,-0.0022327962488412,-0.118809870647291,-0.0408092870532006,-0.12308591985261,-0.0636001017049801,0.094835165459253,0.331945824534188,0.0156115460044353,0.0991746561366787,0.124135797196134,-0.0568897470585574,0.309237775423672,0.0857664351172625,0.0440327611386963,0.215095391554437,-0.0192947110040804,-0.272154711584094,0.183100392663412,0.0417752883319364,0.0755637843760866,0.127245142231945,-0.130665822981752,0.0776979186098236,-0.0804752738186261,0.0803708917583466,-0.124577288639473,-0.0793693601322541,0.0552943008733186,-0.228099400687001,-0.166960455650982,0.0905309094694465,-0.0252214595288196,0.109039793005999,-0.069209559387485,-0.0015744840538711,-0.177232087396251,-0.0786148928177987,0.0603316158494605,0.130090861779503,0.0254805361426268,-0.173179764884026
-0.139862182547133,-0.129489319377382,-0.293575097747974,-0.134187953063952,0.109187794363196,0.14667218868187,0.0040870697234526,0.0316584829444558,0.0945781412723153,0.17155813769209,-0.0778369873265193,-0.214325060004822,-0.273314623353497,0.0417988478809648,0.297168192375806,0.17762609516148,-0.0120420139703431,-0.125888931233162,-0.0384729453475986,0.210299585025435,0.206133119930798,-0.326909457640518,0.0630747779076138,-0.036558737722421,-0.0699793789124308,-0.018366859044951,0.0473161697535076,-0.1218235387178,-0.129178735416582,-0.213973829000228,-0.0543614240169847,-0.0121258149513765,0.101465082387598,0.173118055493001,0.0931168491280237,0.195071551596655,-0.121499102381039,-0.128943151165731,0.0972095883414047,0.0175147737711283,0.0006065600779871,-0.0327888407803952,0.0995704629752134,0.0563460685829007,0.0727835411803889,0.14158754628064,-0.169146883062405,-0.0361704779757675,0.127162097013217,-0.119381947364076,0.0780938323432172
-0.139970682146806,-0.124944603261893,-0.275581568726637,-0.117856043648439,0.0731032201775532,0.0663282406683131,-0.0433836585808681,-0.108521035362178,0.177695189051504,0.229700789267325,-0.0659829664920257,-0.223871561243167,-0.0695539963966936,-0.0057882748022414,-0.24919879232906,0.0349490748878064,-0.0614063104938969,-0.0212039955727759,-0.0868342275981765,-0.230842836234166,-0.0051266595267841,0.129962972228941,-0.20429133592025,0.281585884869883,-0.149438141564431,-0.148230258579751,-0.0270043205908598,-0.136248705469724,0.0051325398252178,0.0533160328580373,-0.0785839165840802,0.199309303603532,-0.0205161226698874,-0.137424377272673,-0.0780592615154766,-0.0648037969302643,0.323350119917232,-0.0215457066415689,0.20767099607939,0.0825747950052532,0.161252313241287,0.127702770609935,-0.0251285415661106,-0.248117170035654,-0.0199655300765553,0.0488935431566654,0.0969495418739387,0.0051672931650469,-0.0389119170773413,0.16248191371925,0.0012951881353151
-0.140067689042541,-0.121694566988855,-0.253601086188,-0.0902054849623614,0.0335087478084457,-0.0100052224994187,-0.0679485022546115,-0.196076452826698,0.197908113097471,0.196129607291016,-0.0648584734050108,-0.0944343925981518,0.0319101127967503,-0.172533243760034,0.0448614493010182,-0.156067997519431,-0.208674279005758,0.0674941543706175,0.0963742621214533,-0.0783372205291427,-0.153869206054254,-0.0059399494824133,-0.07330232263693,-0.386598644119595,-0.130615099096879,-0.0409891174242474,0.140527182011561,0.0252521221137918,-0.081405379706427,0.14006730413791,0.161171958722406,-0.17386513906818,-0.129123658711876,-0.0747060567895835,0.120688722269545,-0.0447736508780266,-0.233093499151562,0.0551004514528049,-0.133566427901198,0.056905095332625,-0.0735983098707391,-0.0400717691598515,-0.233739312595665,0.180840610627802,-0.0407288116184421,-0.230666314043519,0.0192505296210194,0.002946371185286,-0.251526903228091,0.083165624274647,0.0147287182632527
-0.140147666455404,-0.119950199030715,-0.228076820398099,-0.0546169441371504,-0.0071164100030979,-0.0791082298166931,-0.0777473659981405,-0.247767709527893,0.152908775234759,0.107370846063426,-0.0363457827339573,0.0501015652625677,0.208987564686691,0.346980020357286,0.0489564930777662,-0.0921016345907763,0.201933426431944,0.012005041062644,-0.0235116424527823,-0.084452933757126,-0.200668277184561,-0.0583561965125741,0.0615967516373546,0.075406478389757,0.268677727510861,0.43212935874059,0.0910778021131109,0.204719518437949,-0.0092514333096679,-0.0852542634519555,-0.152348435289607,0.0262621707214108,-0.0458118663836257,0.126241263260204,-0.15089675509058,-0.138647103252308,-0.0507612327160565,0.0588307140505997,-0.0415806178315161,-0.0188814640219285,-0.0911779973120855,0.0031383255977601,0.137874790669065,-0.0296304993672297,-0.0253259587816535,0.195494369940827,0.0973280685792595,-0.100694367635342,-0.118247216987264,-0.111416024800698,-0.0127703529462052
-0.140209800017594,-0.119569945479824,-0.199155464879291,-0.0118046953339839,-0.0461098921290273,-0.135441607751458,-0.0762086427416816,-0.254525504226651,0.0744956043426075,-0.0295493930792507,0.0138698562734711,0.225239796294556,0.194567572793245,-0.0055669499070615,-0.219054608660512,0.132938195188206,-0.249204721872351,0.252704344716087,-0.103973621862961,0.27093823258033,0.203081637064253,0.071432994137144,0.0390673488033601,-0.02691308102343,0.0242751342618093,-0.136140424795097,-0.157217777814103,-0.0257396838803922,0.204044820418308,-0.0074548807804107,0.161644046992703,0.0762559609367501,-0.0425028838319533,0.130146058308265,-0.121883844205054,0.23384303737426,0.0716545812544851,0.0993389054346617,-0.0204502820938308,-0.233546766634111,-0.0773157496005225,0.0638057335891059,0.0812899884772481,0.224917897125946,-0.0935869948470302,0.0623469898820835,0.0664425299073141,0.064293932458992,0.22306236245493,-0.015633104198235,0.0262005666910113
-0.14024987641633,-0.120593830900713,-0.167344694661333,0.0345788215086634,-0.0801591813574256,-0.181141527039136,-0.0677087938895864,-0.2177106042162,-0.0253656724688159,-0.110344745835564,-0.0354745093473499,0.273976349884361,0.0260294690861993,-0.21581693880401,0.27730448370701,-0.0794058273308463,0.0519413104469268,-0.181379884695173,0.141690827023231,-0.0515009935627151,0.0746680860759569,-0.182186055316701,0.155475530287524,0.114591886543345,0.180266557674361,-0.127526333215067,0.0373657924556492,-0.0154247586329435,0.15203758702426,0.144373941067703,-0.181403164155262,0.0512528063658142,0.13212502281715,-0.312648317739277,-0.0549866419554216,-0.0601377731287559,0.0945029306799594,-0.147476876296876,0.0471513933124944,0.0379532705193201,-0.0188375418931602,-0.0411728259750681,-0.214713913965059,-0.102234790881503,0.170371595643742,-0.168859029241193,-0.0106355998610739,0.193838649627252,0.153046773243506,-0.16444971879687,-0.0315997475894862
-0.14026717732342,-0.122807608842732,-0.133207845874432,0.0806486279386763,-0.105597003869362,-0.210826622234389,-0.0613250586640057,-0.153706748206414,-0.106099434495867,-0.199137437102356,-0.0064554737666686,0.168587044458959,0.0067990623391695,-0.093896272532492,-0.0717649813087389,-0.264926845979206,0.364073568473009,-0.151297732162602,-0.0415735307392303,0.0911377810942541,0.126925003141244,0.137044290956385,0.0566356568709734,0.0332141140827798,-0.381514135607632,-0.0164433964518495,-0.146637090690506,-0.0978872439340631,-0.120378819174141,-0.140629725209592,0.0522588471864282,-0.0654553497585767,0.0067680860658884,0.126724833302569,0.0878734877931731,0.0767006290090842,0.0337234692076889,0.0778972225127766,-0.0235272332223082,0.259180097996802,0.0739974611003854,-0.190782106625729,0.102902222102301,0.0159926765201706,0.100919092324951,0.0436139424912503,-0.0453690284300506,-0.233759106396329,-0.137734388541328,0.162023453142688,-0.013960828837199
-0.140261762783783,-0.125970989044624,-0.0975818036932463,0.123313209868764,-0.120012467936614,-0.223703795608691,-0.0411752682737113,-0.0609128880091671,-0.162259214726934,-0.220175704713476,0.0093015141585786,0.100483568520412,-0.0809338138549231,0.203090700822725,-0.0602870316896499,0.227084304573682,-0.19484764941648,0.0731399354397221,-0.0285938166338121,-0.0678572543355628,-0.246094592656998,0.192840480789835,-0.156281071155063,0.0923341298475029,0.0823691277525935,-0.122837117652942,0.208477085235921,-0.0062952058683534,-0.377827214114373,-0.0174568408950561,0.0261230899817133,-0.0687792606243808,-0.0070628656439787,-0.0215748359798291,0.172778853964834,-0.066370417228352,-0.144978939058061,-0.184297378858118,0.0264260648914277,-0.0136232043057639,-0.0544270651314665,0.0363933373627517,0.112700641955116,-0.15445875517029,-0.0757957035400264,-0.0901300841262741,-0.315865096847941,-0.0437153200807171,0.169350379311443,0.0044470742510086,0.113447709507524
-0.140235644631508,-0.129772920227439,-0.0614916363758497,0.160174911181942,-0.122370488502109,-0.218579938250936,-0.0194480963833157,0.0340344711559318,-0.168462384657102,-0.169047754701151,-0.0206065575267244,-0.127152629074945,-0.275871452824869,-0.0511507287484865,-0.0056922384533938,0.168603222938065,-0.12970038388524,0.0662378993258659,0.0758773155808575,-0.173916538000992,-0.0592606328291787,-0.208042897622191,0.0181061800525323,-0.129441669809636,-0.0164578453879154,0.191563305171834,-0.134094469798306,-0.0416482706744647,0.261268258207125,0.158818561970874,0.087578524525205,-0.0450509903948055,0.179435165374673,0.254745935270613,0.234704152510994,-0.1306654513115,0.066133182961282,0.170850235603855,0.0223230137716757,-0.001282727862914,0.177632154950341,-0.067219873312672,-0.0029590119030264,-0.138774589407743,-0.20611939131415,0.178865027869199,0.158042510768674,0.158353311686333,-0.111558572111131,-0.0460580710288845,-0.101624440442177
-0.140192531720282,-0.133899817169552,-0.0253739056685454,0.189250058585919,-0.11245026240411,-0.197664784597717,0.0053221802144772,0.115137752534722,-0.138452597933484,-0.0596722993760339,0.0623733504630246,-0.265778836132165,-0.189997333247175,0.0670488503652282,-0.0146424901927582,0.0942870850341423,0.157829785489306,-0.186106686597377,-0.0014202902474333,-0.105153535660595,0.195030825646178,0.191033412965802,-0.087270927296734,-0.190192391628855,-0.0757601578310244,0.0013346037249133,0.179295579231874,0.0146834342052725,0.204094233719155,-0.230565379502458,-0.167799563093004,-0.0224090776744635,-0.237580381887641,-0.101222808444416,-0.251645569959912,-0.0841142869970153,-0.0700188245373739,-0.133884702066934,-0.105230649784637,-0.200107575843899,-0.141676067202164,0.16044219263657,-0.0852414406138334,0.206903773032698,0.0549221563059301,0.01673603455292,0.177218714463539,0.0572656768740134,0.0651530835637673,0.115466275803112,0.0317963392829094
-0.140138367821715,-0.137941095216697,0.0099562752082695,0.208806880821304,-0.0921558349615188,-0.159358075617079,0.0345759177827159,0.173936659121373,-0.0708808269430253,0.0188782911194695,0.0983129341567365,-0.22384284652129,0.0421520594858851,0.104607330682735,0.0880833315563717,-0.191684687027399,-0.12261130648433,0.129604667959552,0.003339035144264,0.0835472276238564,0.101261672400066,-0.0283819751552774,0.0290016350908439,-0.0036386762882354,0.266177556696333,-0.0028070173325959,-0.119441247409026,0.240797317529846,-0.141477625587771,-0.026650925964609,0.110324068391047,0.0765033926244482,0.110158133979423,-0.143779957268614,-0.0625338074268698,0.294225494070037,0.178864220976893,-0.0288938564667203,0.0662092730630202,0.112359579748525,0.276765458358395,0.280514237589392,-0.0074427829318296,0.137788577858642,0.0986272989904441,-0.126058352905076,-0.105494550590542,-0.0942242100152008,-0.316707216771632,-0.0567493769083998,-0.027017375496739
-0.140077972134426,-0.14162865883765,0.0439893948730755,0.219252275520414,-0.0637885989810119,-0.107275797526394,0.061461749857053,0.192575405866263,0.0081005596131525,0.0943216927431917,0.11469828454112,-0.101985679345374,0.13367286651046,-0.196171167425882,0.0433999083380079,0.0458594943497778,-0.0034497591757782,0.0313085186834481,-0.0698012501531398,0.29859947917695,-0.279687799870956,-0.26358870027041,-0.179120012624414,0.215818798997101,-0.103011689823957,-0.113351859794679,-0.0997321221619218,-0.135816910780137,-0.0192493752590911,0.0815516866439586,-0.128556707934263,0.0004109465255656,-0.114626342701795,-0.156334424184941,-0.197116709892597,-0.0376149344632678,-0.246669506846583,0.296582358064622,0.0588618717447644,-0.120632600357641,-0.202260673931892,-0.0768661633101537,0.122522340918706,-0.122048131007914,0.0662156946240442,0.060616065593554,-0.0181629366604286,-0.0266289579254186,-0.12270906689353,-0.0056926891830052,-0.13651505656168
-0.140019556993768,-0.144534909638519,0.0759316734448617,0.22015364988204,-0.0298668205326928,-0.0484400494816226,0.0840611660173549,0.187816704884811,0.0733076179795815,0.190650798949475,0.0704516963579526,-0.09344536914916,0.154032122486101,-0.136596405067005,-0.0006864883647096,-0.179318732749078,0.127361021446156,0.1220239125944,-0.0016792361784481,0.0358921904897509,0.178337072290972,-0.0849436483027056,0.13985747916056,0.0248485838935771,-0.0205513275295642,0.123528625961607,0.184426575735435,-0.0176526805723065,-0.238223620733392,0.136496775959018,0.157076135998332,0.245925020264477,-0.0663180273861218,0.247897275585736,0.0277720808919219,-0.0782515641237828,0.0821590759117855,-0.0474220548805424,-0.204791692569462,0.0420454894024555,-0.0683026416673735,-0.0060081677298075,-0.173055679796737,-0.235592108474335,-0.18454420017126,-0.10605262982717,0.100307283792574,-0.0058535234710143,0.359042052761267,0.027995949349421,0.163995733354548
-0.13997177544354,-0.146253060413862,0.105380170101219,0.211421664760327,0.0053720685295767,0.0151511742719062,0.0992483260182323,0.143201802481087,0.130726284750933,0.2112168129457,0.0387201674246831,-0.0329513298285779,0.0492425091507839,0.213075157896511,-0.154209670812697,0.0783531444477523,-0.128853321778572,-0.157928649573787,-0.070335414879522,-0.0867231349396481,-0.0872987997596868,0.15953904757508,0.257775315383357,0.0690108738243347,0.0579643925216011,-0.0300095938351073,-0.129005814510349,0.0003171417603856,-0.0016756369643012,0.0804999037409347,-0.142055245308218,-0.206462577476536,0.0641080257732613,-0.0103151541417987,0.226286462126905,0.0913180475455106,0.113007519642393,-0.0627760502326858,0.20047978447257,-0.015868536675218,-0.132232333688746,-0.466131856887829,-0.118365513918829,0.22374482929471,0.131961138335315,-0.0625446648130513,0.16864999016264,-0.0734188591079019,0.0695650343493595,-0.0391210285435922,0.0281962336783023
-0.139941502061712,-0.146549791302842,0.131489247974339,0.193033369356725,0.0396008870533158,0.0735327835673172,0.0967495914275104,0.0920274215053593,0.145126281231118,0.180082204493096,-0.0407243467358827,0.152860679572994,0.145533133223884,-0.122385171933039,-0.0233007287234424,0.0543574586917057,0.101782409120594,0.128234849725933,-0.0324686030762237,-0.160028228437636,-0.107194881409657,0.16580423669355,-0.0569277063468028,-0.0950528316575923,-0.145651077781643,0.103954893263147,-0.0063631646124312,-0.0743150238990342,0.33522276382346,-0.114375320646238,0.212651994602503,-0.0309986051775508,0.112398569544859,-0.0612735932765575,-0.0392396791502766,-0.094321735729804,-0.190402324561706,-0.154444124336968,0.139497981495944,0.245220099842364,0.116021678328573,0.177739953248769,-0.0112482762962766,0.0555185263204797,0.115965451319203,0.214475534337142,-0.300249297956153,0.0124870113553755,0.116839033736886,-0.260724719322752,0.0360393350702798
-0.139937087492135,-0.1450316084393,0.153894871632712,0.165999962045394,0.0699975504521378,0.124858233005608,0.0899939805623148,0.0290962977096118,0.135317150866056,0.102331040119954,-0.0993751850639551,0.287552637013569,0.0359233430186989,-0.171892109480112,-0.0072534191645477,0.0324862293953452,-0.0354601895908956,-0.112768878742501,0.135723800976918,-0.211997619278866,0.132931611811196,-0.128441792051722,-0.0685604773223239,-0.16854873825473,0.199826879674954,-0.0578837796139237,-0.0190743107656813,0.0162042605828848,-0.104744331231492,-0.0555216118570821,-0.134809642492752,0.0699123654521195,0.0314424067462585,-0.0309555412320404,0.0022362724923366,0.0390184840029932,0.0595090429128283,-0.132107573774009,-0.100866849241925,-0.0569998511786632,-0.0083010678332473,-0.0632150842975357,0.398283426066507,0.0615582132095715,-0.195754650616584,0.105282855386167,-0.106545267485902,0.106378501474428,-0.125320421807578,0.438029366555284,-0.125530424071466
-0.13996362800463,-0.141509202203533,0.171901908791333,0.129888043782702,0.0951490362434182,0.159633081377421,0.0661863365053606,-0.0419460194969543,0.10374037834989,0.013475164036271,-0.131419370859986,0.202958354022675,-0.0494921547201641,0.239203715971738,0.0934591288388729,-0.0707491881366447,0.0606249271651305,-0.162473772539896,-0.0220251489712028,0.0607840759764756,-0.0403413206383809,-0.0314935719269296,-0.134281800284694,0.129655026744642,-0.258387377126191,-0.253602419430721,0.141277524035532,0.140153230401952,0.0816984059714609,-0.0154420096636744,-0.0328827473669498,-0.0518185727970661,-0.120035664483899,0.149598237455315,0.146946570696804,-0.0027620970080926,0.155577453539952,0.10066873984882,-0.239678132190594,-0.303240841226786,0.232502519387061,0.106376452751893,-0.000611056570045,-0.034820368393815,-0.0665612121964264,-0.147693760879952,0.0117070887241511,0.0824645660104248,-0.164414406239628,-0.328868145115454,0.0178016949779141
-0.14002319373505,-0.13581175051915,0.185331426347511,0.0861753829087567,0.113193656552046,0.177363865495951,0.0351201142240101,-0.100424778613293,0.0544786618614489,-0.0952800936952305,-0.163757116431732,0.114355946676271,-0.154042477249365,0.12785895199534,0.101280118716937,-0.0133421210661017,-0.129990118183306,0.108950122279719,0.190491565115204,0.348829969495372,0.0935277551892751,0.191729040340725,0.127828648456256,0.0618131546871177,0.0879087215515892,0.092070383568479,0.016363166690927,-0.219197925618677,-0.145147237869307,-0.172524047996136,0.0214999485966035,-0.0173747709301954,0.108360197333735,-0.125548666292606,0.0857815487392368,-0.302333401808133,-0.0648535568930008,0.198133104005218,0.125826090928322,0.094474355131334,-0.0463993744055724,0.241926587938616,-0.159607394035615,-0.0120759104363751,0.0620908049906273,0.0717132793810961,0.258736259696872,0.0278805512487598,-0.0464972172029687,0.183299268496777,-0.0184334530300715
-0.140114424065215,-0.127865381206785,0.193972504472885,0.0364763007793523,0.123508542000311,0.175651104475829,-0.0040053666926132,-0.141085670402357,0.0083545420943309,-0.164781214720676,-0.13953346843491,-0.0198872994264154,-0.214017471576499,0.191870508143216,-0.0198356474074793,0.0594680058509117,-0.02641210615855,-0.0201858715835923,-0.0483598506909574,-0.0986425431172727,0.0151969208077737,-0.100584591610199,-0.170130028805704,-0.0589078365218656,0.0642569641884077,0.144467007909387,0.0189437954432517,0.0478335511847643,0.0926284275262348,0.155757387066862,0.234409183033957,-0.0825121876062134,-0.122304674266455,0.0074472270803313,-0.32140974092527,0.323819014319168,-0.0099892422723601,0.147237322399818,-0.0760601082115032,0.225631949439302,-0.077781531605085,-0.148634687821726,-0.0005940522080881,-0.215565038013374,0.257335515881792,-0.194134404736064,-0.0073600193340451,-0.0410191131280494,0.19534487326786,0.106625745213248,-0.125627495641623
-0.140232748292776,-0.117683061413166,0.197583043314394,-0.0166463315208366,0.125521981568003,0.153125574859603,-0.0447239424228578,-0.169188648879217,-0.0273215810903634,-0.208414395538128,-0.076798632538757,-0.108236833558536,-0.022750053360052,-0.156601758367408,0.0392835689871431,0.0165100228671388,0.17612008248294,0.192761629538962,-0.248548518984525,-0.0222305024216996,-0.0512730292850327,0.0053603988275385,-0.128123372932996,-0.1846518405365,0.112268858634896,-0.0079186982114675,-0.272573129346014,-0.088947587879423,0.0657201832715847,0.0473814329440829,-0.321858071641077,0.105181745222014,0.115752866306448,0.0412118994558721,0.0534057892132488,0.0385063893773895,0.0142418991771482,-0.1341362952148,0.0626537205542405,-0.0914334950641464,-0.178979854829242,0.0518419911548525,-0.115781994453759,-0.0321252405591526,-0.199507989697622,-0.165284556402906,-0.0121305922148251,-0.314933682709691,-0.104914437468616,-0.0967454768278074,0.288245950691586
-0.140369903868336,-0.105373935252632,0.196324806934672,-0.0713456141808432,0.118820523128492,0.114149500430753,-0.0888290959356293,-0.164561558305139,-0.0540929267578955,-0.179050364012868,0.0544994111299624,-0.163511398143901,-0.0148068035838946,-0.137451624456292,-0.0352028723711121,-0.0220424103694739,-0.0141561719030358,0.0578165426067126,0.108699191019403,-0.0190876453621474,-0.0763277454616664,-0.0849282645804271,0.242271775386503,0.137627325652185,-0.216146811934456,-0.141365381099164,-0.0402536562213359,0.454344766418821,-0.183387476081177,0.10534347587986,0.0841161579188027,-0.128941261454641,-0.0167617257462431,0.0421849821837957,-0.284857365636646,-0.10468221747341,-0.0690653588111172,-0.178881727597181,0.179100347532799,-0.0717697108807417,0.0697330334955917,-0.0697850939441334,-0.0404995464775111,0.0869761345480081,-0.0483001702026443,0.289529843549636,0.0085910243505538,0.153193028964416,0.0030798807967955,0.0604300671545005,0.166940341508241
-0.140515642589962,-0.0910806731134983,0.190748758176116,-0.122991118762754,0.103929396861673,0.0637345828708885,-0.120099255000196,-0.13248323552702,-0.0864060873865783,-0.107356877152452,0.0983771783514123,-0.213159438311356,0.0764631524501077,-0.205218980876198,-0.197654092715789,0.0798259415143725,-0.104141056014895,-0.0742448146926227,-0.0571762359157885,0.0934537659765609,0.10394262837031,0.0774395284048403,0.248920392981041,0.205969176619553,0.0430510484409622,0.256122111002757,0.314259897700503,-0.231582165819845,0.0804159030462273,-0.0301301768102431,-0.0214077388249829,0.066711415508613,-0.170521966269016,-0.0113228689908079,0.0719024512867435,0.0152764917733701,0.0593633413848735,-0.0838348268399876,-0.0660190425974171,0.0549700535896875,-0.0158910034150567,-0.0816861329249019,0.0966742424013256,0.0870867192307325,-0.111188947693536,-0.136917235999462,-0.23199113408366,0.0879990352277157,-0.224707284813543,-0.17936891738178,-0.269618465863947
-0.140658508784558,-0.0750950285360869,0.181211195006914,-0.169556692840863,0.0813982325769285,0.0078963090518487,-0.146521703243706,-0.0834242619459806,-0.0991220713983051,-0.0294229302182481,0.191843274337508,-0.062966772514732,0.159933711815478,-0.101707070516324,-0.171431800274518,-0.031903715522649,-0.0912101726860384,-0.271515414533571,0.10020540205687,-0.0587953701373177,-0.0283524076155242,-0.107305256705935,-0.245652327402383,-0.15056655515878,0.0932013323599242,0.0286571830327825,-0.0489341551816334,0.0325589474008115,-0.165800321145941,-0.0351536597311924,-0.086130998848659,0.138547896635365,-0.0143162079891481,-0.120483962778888,0.247511272091795,-0.0079326092404223,-0.0763205723220009,0.186122676029957,-0.108606525383979,-0.0298045712214096,0.273478167843685,0.0648893335769288,-0.0322721303834232,0.130311547207985,0.184432282593906,0.216600840938232,0.133189968739479,-0.198134973836803,0.342167252242854,-0.125085199516864,-0.0635378664162388
-0.140788065120102,-0.0577086057512374,0.168249721417774,-0.20695711482194,0.0525086215305481,-0.0479469089811992,-0.159292217374345,-0.0217536097071482,-0.102944625049825,0.0661503577896771,0.220927271125374,-0.0983384845560746,0.046210063218814,0.194033145776188,0.284849827279612,-0.183554139485088,0.117916534319761,0.103213330524708,-0.18314305562587,-0.081897023919127,-0.111762254947147,0.0939850970378594,-0.0836980322209347,-0.0262351659579428,0.0777264704948083,-0.241351558633926,-0.110108252384934,-0.108643299643028,0.0355585115891316,-0.0522857944615341,0.167916767975601,0.13583334430791,-0.0050223737873332,0.0701284524106554,0.217251046351311,0.0277494441519126,0.106441842595663,-0.0343513816582417,-0.0941460586287112,0.0673030287567977,-0.305519714332679,-0.0264656864759291,-0.0002905444451628,0.0068008523764912,0.123868894482837,0.188562622738562,-0.0256568607811105,0.414947825353694,-0.0422383984667883,0.0920394719470522,-0.0845678221645334
-0.140894468811475,-0.0392886587429753,0.152642048532211,-0.233855048576093,0.0189995014402491,-0.0946900956114148,-0.144664542147885,0.0452995299286123,-0.0907320673223423,0.1644597613703,0.200655254255078,0.0306145779987223,0.117569425351353,0.177745897846052,0.1340456011019,-0.0358511158417859,-0.0257360312557017,0.0082047995277479,0.0315907163790675,-0.243595747524527,0.120386735355614,0.031827071264296,0.226397972166896,0.0581524153079974,-0.0680519010215164,-0.155160016145331,0.0497419077272362,-0.111016713421227,0.131709297037697,-0.104044640133253,-0.0487730328492609,-0.130449538487655,0.224762663154433,0.0125764784218172,-0.141661930460792,0.0962118195337307,-0.361623481623088,0.181235008295225,0.114756850640743,-0.0571799189036155,0.18265804842303,0.051548037589281,0.0780433485884152,-0.163676411550203,-0.265517304661545,-0.25763937589348,0.0699895629011449,-0.131270862300909,0.0536455376402663,0.117593889695429,-0.0142970570851565
-0.140970268488038,-0.0201379917905357,0.135323664663839,-0.248924333692317,-0.0164896908210915,-0.127228230851643,-0.119718240690192,0.105089221825085,-0.083975879079061,0.179823760576498,0.0843754405582637,0.143780842494575,-0.0399537037136001,0.0512142963262029,-0.0449168369075859,0.123634106921703,0.0955982825462131,0.127773192434344,0.200356373815515,0.175614803933458,-0.0725942148782264,-0.126418239121811,-0.0895836707148246,-0.19297404921833,-0.294814793915609,0.265125924704727,0.078801220203201,0.139627649599638,0.0201313924525703,0.0018077270000085,0.0593844375669714,0.038453566310241,0.157455213443732,-0.0822259042335007,0.0335671681332565,-0.117893087945425,0.351542002884457,-0.0900664519904599,0.223047302572676,-0.220428548154035,-0.139838733417742,0.0100410327914663,0.100251777360983,-0.0097408987172952,0.164931327555626,-0.244506638897498,-0.0801186773994954,-0.0835452066800202,0.0141370696983474,0.0944615610520485,-0.0412009490023299
-0.141010761177468,-0.0006595776652479,0.116735260384905,-0.251529008717951,-0.0532016016941999,-0.143781819730158,-0.070023776650381,0.145320842103559,-0.0440773996701935,0.162115262265655,-0.0163522505693986,0.0853747724553903,-0.111055323479734,-0.11516301766051,0.0051237090475836,-0.0632527839248587,-0.0577302884540631,0.0927687265123594,0.189686731939534,0.216714426420389,-0.0079772298044926,0.0528715876175577,-0.176397744901394,0.140833130055264,0.243741953664877,-0.0459956906440909,0.0630592217023763,-0.0972004794673396,0.187680539350177,0.0330383976620102,-0.0131210419971078,-0.364266239432816,-0.198262999064488,0.021146299436683,-0.0348864268608442,0.047848596891775,0.096872582903335,-0.224750651205006,-0.1941846251394,0.159995297624653,0.116799510896553,-0.119528033876501,0.072974881575927,-0.111123308265591,-0.0253404779542494,0.172307121647325,0.149103333935739,-0.134642500828236,-0.0755728405244441,-0.0208092582920515,0.326445304329651
-0.141013454256434,0.0187051319363892,0.097707456361607,-0.243003354130024,-0.0875921243937749,-0.141650624693242,-0.0102435247424547,0.15924153599541,-0.0118786209895507,0.0998672326745775,-0.150744280426979,0.198527995329698,-0.0670170068436217,0.108404307573285,-0.109991380494676,0.252871320811741,0.082247968887517,-0.115581370147313,-0.320393247505362,-0.0092402393101505,0.182906101760785,-0.115729447287092,-0.0813093046861949,0.143692504728054,0.0233587635718231,0.0315260394711962,-0.134951408322069,-0.0234826243130729,-0.183125242843956,0.295241778289516,0.0192610351041406,0.0578263672326023,0.10411699617175,0.0758807920121449,-0.15884485816796,-0.23756853928307,-0.146911991713282,-0.0225985821162582,-0.166655455670696,0.14332333222502,0.0515519747981209,0.073953643396723,-0.224418408082974,0.308942754394282,0.0030556630688298,-0.0368763655371624,-0.0599718962520063,0.0585956661843148,-0.136826968776942,0.0300428191529694,-0.0332520584495652
-0.140978507244542,0.0378217475682377,0.0788982957669251,-0.22379784713103,-0.119554834212277,-0.121652009256806,0.0621756676390711,0.153901430527377,0.0363696820279864,0.0283017627036169,-0.243761599783653,0.0864764797637803,-0.0470023830605821,-0.132348572786501,-0.0555919987903059,0.151423741211386,-0.0202568352862071,-0.208389237916186,0.11683946564344,-0.0893603713956844,-0.102271788098326,0.0725037706764789,0.173809676654128,-0.108913214987029,0.0605605736749584,-0.0751492597747853,-0.148168043047475,0.167113265672319,-0.107543016021323,-0.356880580082776,0.0931110911751341,0.130254956274832,-0.203341470614098,-0.0428323595933068,-0.050110836283404,0.155874026914207,0.118398061044203,0.271066052825874,0.0712442830898673,0.0890291375895015,-0.235693883638522,0.0188004076847479,-0.204327019260218,-0.176500572438235,-0.225053433148184,0.0640779291308088,-0.0904133447807812,0.0012709067921149,-0.059464044753881,-0.194429374909679,0.0196779263079651
-0.140908343067804,0.0563140268845973,0.0608673613818422,-0.196057202797047,-0.146957860678648,-0.0873340080453792,0.133986130682567,0.120905232592973,0.0852423226455444,-0.0659238145079847,-0.248258134301253,0.0220947059650317,-0.0189617984968826,-0.043901276428809,0.138673806157291,-0.1478501631788,-0.107376750865333,-0.0293079480157262,-0.0952045253375258,0.0845220635258675,-0.10200337108939,0.272297607729924,0.19281870497077,-0.128545485711109,-0.0880761203017075,0.107228729727059,0.0284118269114242,0.0153430966678132,0.0440285120939908,0.351480582289347,-0.233389853270775,0.20329154710656,-0.189310586798486,0.134290019120498,0.0943461964225058,0.20155395001925,-0.189416731766265,-0.10667079065007,0.139210733802693,-0.162198776066075,0.151870044264854,0.134123351659309,0.0966331352005536,-0.138549729822983,0.210613749206678,0.108068758490638,0.0109907882806319,0.0265105073908716,0.0351631718025663,0.115190689736535,-0.10102717105613
-0.140807321445879,0.0739589794542474,0.0439968732921283,-0.161852090157794,-0.16903380019706,-0.0438913772605166,0.188773781443273,0.0695084316539931,0.123184968499781,-0.144846203759639,-0.206031819054881,-0.141387042476694,-0.0012112531149235,-0.0633821357520699,-0.0069511877945506,-0.279801242901777,-0.0852915327263392,0.283436968624294,-0.151138699451952,-0.111435598740778,0.0758696426616002,0.0119940141915872,-0.104591623860659,-0.0895338583745931,-0.0234774675876538,0.0226708814085472,0.0432053914350331,-0.0830958747233626,-0.17338836636072,-0.207172443932794,-0.182070721467434,-0.188096868029202,0.142456201354802,-0.0596563027198968,-0.16829193899757,-0.182428482864518,0.138253565985013,0.181370660423377,-0.0171176987298084,-0.0134810519200607,0.114150060746882,-0.220465092535305,0.202841465310581,0.116481404558838,0.0389171863336547,-0.0986054108310743,-0.0229944327130306,0.233993673853994,0.189970493130291,-0.196094935971909,-0.0151239000385072
-0.140681198184717,0.0905675014011192,0.0288110778240597,-0.123276871300304,-0.184725022395921,0.0069604580413848,0.22722309381073,0.0067054149399805,0.141096755804417,-0.187045729720138,-0.122627634618745,-0.071730465853928,0.0271502922688629,-0.0839940703458712,-0.13456087838043,-0.0941586951102453,-0.0110783522347704,0.0380650778756588,-0.0862645771928797,-0.124292082291727,-0.0511061321076461,-0.293648270537807,0.0164225777754061,0.301579990410339,0.101081316503967,-0.101342860854197,0.101756056765062,0.107627864262882,0.216389741681911,-0.265442900698751,0.274457775310051,0.0305019025844059,0.0715286544453207,0.0548366330867406,0.246924868094733,-0.0630096098201955,-0.135399189897849,-0.172876692256788,-0.0146202129124042,-0.151732031085015,-0.116199104375019,0.073522708386524,-0.0458776773682939,0.0320970247750777,0.182243585156506,-0.0830523797113265,0.112988947962844,-0.230558315235723,-0.0173560085483427,0.204344838042165,-0.0717163022230829
-0.140536434495825,0.106014177204941,0.0152718785937988,-0.0825992448200275,-0.195750786347303,0.0559516141593511,0.239440993888172,-0.0508830779325967,0.143467546380066,-0.152591029372058,0.0512132843666839,-0.117340638636178,0.0036638478180765,0.275819435101007,0.037519327622889,-0.0011860937148258,0.18546199891453,0.0554407769783119,0.41084403584294,-0.0626087506067158,0.102518152813591,-0.0386325289022321,-0.0415580589408661,0.0356630424577772,-0.123950917028103,-0.0535510495377135,-0.0680555224354993,-0.196075082069658,-0.0405986431323854,0.317975379923103,0.11730199947386,0.0804959297747459,-0.0536172166283168,-0.269060847325657,0.0370468336337275,0.0917591513929795,-0.0189078479474845,-0.0846233103643729,0.0050712514350193,0.0448743546339482,-0.148448886063216,0.0152805468990414,0.126205949583933,0.172618790303566,-0.280395229204085,0.112440242842939,0.0358551606264171,-0.122224086038315,0.0292644966105673,-0.189408699938415,-0.0806445565499066
-0.140380253015763,0.120179343214685,0.0036886990312428,-0.0410521623961267,-0.200769306847589,0.102483368245319,0.222803091630626,-0.097038597973586,0.106010029698868,-0.0853342553401788,0.188412582120919,-0.114017185062795,0.197306114054323,0.0659632287453327,-0.0869838427952278,0.0937001190776135,0.0530297594399095,-0.251697847418373,-0.0149195549169417,0.340725942520742,0.0762346444364412,0.107952152101908,-0.227972760022653,-0.183046253389464,0.103395910684823,-0.102175185470651,0.251285125336905,0.199095311305721,0.169608653550389,0.0322295149846922,-0.0639854308022266,0.0647479029802415,0.272773403128387,0.10855999314266,-0.0102489059992094,-0.0257055147416257,-0.0363088717370703,0.0764390844837819,0.139882145814384,0.179585659069635,0.0481633588321179,-0.157719221660956,-0.103489238952937,-0.14550073068744,-0.100413239288743,0.0007845995318661,-0.0865758904589489,0.156273188750519,-0.0890468447783249,0.116062589641509,0.108608270005154
-0.140217581488138,0.133141189640337,-0.0059665317749209,-0.0017102690330027,-0.200744110449144,0.141285234367465,0.179397228762259,-0.125271201278766,0.0457289887501258,0.0010929140347784,0.253129934374555,0.0103633872863609,0.0655698558299457,-0.0541943707090524,0.128288727646345,0.139225056357567,-0.127686256283197,-0.0501490001366089,-0.0069665833278568,-0.0374787457700879,-0.224502537309094,0.0017722901983562,0.0584819734273515,0.154708318439682,-0.223498268166949,0.316416519694438,-0.211897696862493,-0.0701578604211748,-0.0508024839578427,-0.120995809720695,-0.171545799787324,-0.21201752523175,0.0888280043429356,-0.027069597464117,-0.0170406541468946,0.224379392717321,0.132469173546606,-0.0383327848875949,-0.354250963147631,0.0098874295096993,0.0308693993536386,0.215761866679789,-0.171640429993432,0.0053659416098056,-0.021513082071032,-0.0178967042641048,-0.0577174547830624,0.133875163112164,0.0767420225849754,0.198916745773668,0.0848652063741619
-0.1400551831639,0.144818839415796,-0.0138169077751144,0.0345076004877992,-0.194460564277804,0.16593417646484,0.111864762352752,-0.138441581853946,-0.0382977685359669,0.0613354708247892,0.250252940811057,0.0400424190397556,-0.0737499390972772,0.0237302385000969,0.15999069634006,0.196094185777181,-0.0474588115681474,0.0508731908404809,-0.22036695916685,-0.0172303574859771,-0.0452704017798256,-0.0604788504569586,0.327536566206012,-0.253476319575121,0.072787711141663,-0.219549551253444,-0.0114143785881715,-0.0601562398547896,0.0169209511762553,0.0274850759848191,0.101369559394029,0.0631826251251363,-0.277344118865009,-0.0445697469527218,-0.0965761818212921,-0.350628340048631,0.196320118275679,0.0625560821807678,-0.0643285221675105,0.0607561905798612,0.165738463790821,-0.0417202832629292,0.156877688388267,-0.0600835587324124,0.139560060228466,0.0076626322914868,-0.0273743151841788,-0.2790677033088,-0.02580615171687,-0.0007620269097389,0.0166414854807507
-0.139895975095412,0.155360065867065,-0.0201748406535503,0.065802573797997,-0.181509124798163,0.179921165348453,0.0285949573096563,-0.114156922054443,-0.117495751601794,0.126186882362366,0.150247907897299,0.129884745825265,-0.030150319426299,-0.172594909283358,-0.167656753731634,0.105741073939136,0.203868040930474,0.0898194272336676,0.154580984388522,-0.147637623977374,0.0502237843553563,0.0360010606220147,-0.0972588679707096,-0.0283658524174293,0.14010903192394,-0.0279337451033097,0.0033388210274513,-0.165026751645938,-0.282166809236147,-0.0378435911247914,0.0336119442552704,-0.0747750957412471,-0.0304749122498977,0.301953226933785,-0.0703103856699286,0.155398358631716,-0.128354896631833,-0.0850787732015457,0.228762641410359,-0.121013261196197,0.0045915363064698,0.0817757093441466,-0.0090187217463484,-0.0667710104210588,0.242352370310117,-0.105832898359022,0.262281252413974,0.192606669300037,-0.187750746122978,-0.225304269212225,-0.0585265273554422
-0.139743418329854,0.16482392521457,-0.0251292748470872,0.0897301944341852,-0.161508803181945,0.180185712749991,-0.0605980603874126,-0.0820394477480082,-0.173744997566585,0.177768223954378,0.0572249474149793,0.108033774588099,-0.172827156146123,0.0233463274898737,0.0751709705036505,-0.177942815448895,-0.0307461992671186,0.144259335285281,-0.0672303927759932,-0.0553557027547416,0.316295441187997,0.0328699069532055,-0.176583889003698,0.175251816566597,0.0333345175184765,0.224317568936802,-0.0805244331942001,0.162692426374529,0.0650732859969933,-0.0197930237232679,-0.0027052339522675,0.0401596785869729,-0.249223726555857,-0.187048009426105,0.172592608371183,-0.022520566594249,-0.138175058822922,0.140317791706558,0.166472752038489,-0.214229885596013,0.0518947436735966,-0.23160489410781,-0.210111942084732,-0.0199584075151844,-0.100473826538224,0.0948096181527155,-0.28148066800759,0.0024066585911928,0.0071616406443174,0.0807737191506616,0.0515408638598885
-0.139598771614147,0.173347151935141,-0.0289307679997398,0.105989503108308,-0.133483509363709,0.166069901798374,-0.141005498051544,-0.0339055848855476,-0.196934718901794,0.162736424131173,-0.0810571613447935,0.0004531574543948,-0.188268175342693,-0.18738043951683,0.0771190972729919,-0.221068394225612,-0.150007805755112,-0.310481294606053,-0.148770793874964,0.0004812316388606,-0.0923594428124929,0.151829942170551,-0.0284746024036656,0.109840505035246,-6.36643953707515e-05,0.0372075213867792,0.0962316866653306,0.111897990216715,0.0370147725400994,0.167449181943881,0.141749431061395,-0.0214436713400366,0.248936147301029,0.0225654821116217,-0.0416818724779518,-0.0165359361106475,0.0604935785562679,0.103507788203884,0.0315442918894392,0.0727092523499491,-0.294762598967661,0.202032144466687,0.323061008973123,0.166612673034183,-0.126065505347356,-0.0271923948853703,0.121916521434144,-0.0987356184251854,0.10438792957363,-0.11411947965592,0.0774074253602824
-0.139464004336642,0.180966260619874,-0.031758162604535,0.113876433180906,-0.097590835308534,0.140376501000124,-0.204946478622637,0.0178869078684392,-0.173395782598732,0.114839704667584,-0.148835085943021,0.0035018049133954,0.002479871416639,0.156518734772964,-0.136750597222416,-0.13243286336867,-0.124816618161809,0.101632896287561,0.0350652525433811,0.19424251201084,-0.122148346224415,-0.0771454023417117,-0.0139451098005156,-0.110390659113341,-0.102539368830414,-0.126317288939436,-0.136227467756449,0.079722305328756,0.0360343458492028,-0.168020938387083,-0.173638819085999,0.0904440515078816,0.0349553794218,0.0332180443315633,-0.0935470342470973,-0.0443018581218458,-0.0769637426245146,-0.381207788288529,-0.129621630541696,0.182501774510269,0.0354627363649328,-0.0882560581365913,-0.131858153540356,-0.0977481987002174,-0.167567869108405,-0.0119897959247075,0.0931926382757147,-0.0483935099061697,0.0922777883053413,-0.0604944050229037,-0.465771409296862
-0.139338114777255,0.187840149703383,-0.0338168693025943,0.11330715727343,-0.0533994416333881,0.104560042548156,-0.249633105578665,0.0638892028976035,-0.0964459141559194,0.0057177639155235,-0.224496772505069,-0.113096554058555,0.0406391621458063,0.158697370595252,-0.272764829284433,-0.118507127500237,0.141222876170186,-0.012768647584813,0.250139855950111,-0.0001579650884996,-0.204489395840702,-0.189366772144479,0.193553436832039,-0.0279946195050133,0.104138172654316,-0.116689746080159,0.0313100074408282,-0.238689886950104,0.120949686079048,0.0584839411956476,-0.0992874796583949,0.0553801269307184,-0.018884079577363,0.107148696309872,-0.0248253128284783,0.0055169895469266,0.036956046044577,0.196873722628201,-0.0236815707983911,-0.0309177579502002,0.0639414599154176,0.0842163977842556,-0.0432149136403362,0.160352637890638,0.123607228636216,-0.0391992729403027,-0.318390455234282,0.116460267802308,0.0489254859814682,0.172777640420688,0.307342073272969
-0.139221579872486,0.193999156483798,-0.0349992988906504,0.106118243116199,-0.0030433933397097,0.0614227570581976,-0.262689432985125,0.097489632248502,-0.0038160483139336,-0.0405086774512879,-0.192852986223561,-0.0297480033317904,0.14570732153241,-0.0633559633458167,0.110485040553913,0.32485856964006,0.0486682332462799,0.241653244846008,-0.0232000472263722,-0.0983049807979993,0.0972441398801015,0.127512040149751,0.0571642170419349,0.0262573202513656,-0.124551080186607,-0.0307652105971242,0.264325723768325,0.087782243042701,-0.0471832941823808,0.004760212518532,-0.0022173953906415,0.156884330950641,0.264101506814221,-0.242394855397348,0.0528596365605897,0.183323447399194,-0.0188823741922356,0.0956516121679295,-0.293210572568929,-0.0435440852475519,-0.0028370096049811,-0.196313926460036,0.0094366536959193,-0.0724367153595107,0.170491649432414,0.191708633148153,0.167903535836841,-0.0754140300126605,-0.170139335786619,-0.0274528304408544,0.0915580687285393
-0.139115158270772,0.199443825885372,-0.0354315492195846,0.0935391111791923,0.052713174350029,0.0136891908678714,-0.245644940845831,0.119655925531351,0.105230921029329,-0.144611891673945,-0.119707295930166,-0.0269879697586015,0.290879173644293,-0.0257026012161305,0.139647586253197,0.15800990374863,0.199123262442951,-0.0079048045755639,-0.21619077846468,0.0310006296832854,0.0585907767004331,-0.132766079916165,-0.051632993915792,-0.031452742666439,0.0211544514766415,0.0174469792821675,0.0591065650542571,0.0565175728165575,-0.0332866526432993,0.051075928284728,0.0114036136893028,-0.398279120482826,-0.27510763317635,-0.0621440353558732,0.206811793888429,0.0382439605758066,0.133946161796864,0.0164115999161853,0.290791553333839,0.136848168418264,0.0560175107178283,0.215902621967295,0.0158075818319804,0.0287653154095596,-0.173613002751341,-0.0435386597965166,0.122090605687084,0.0770172547551907,0.139483891461556,0.0986530254574801,-0.127455759219183
-0.139016571876064,0.204320879690065,-0.034777969162383,0.0785052057091001,0.110747236407059,-0.0352569981210794,-0.201970066405568,0.116965903288686,0.204096021587915,-0.171834004033886,0.0341076398970018,-0.0616361415280813,0.175453035874692,0.104689486344875,-0.0073708194731825,-0.0526802991971322,-0.260062684181129,-0.276395414671221,0.0404963947803174,-0.0025299528697972,0.193909772735497,0.0059405815705787,-0.0403984423616551,-0.0533607888437892,-0.0708722765242064,0.158422880142638,-0.366187140756918,-0.0808722914482623,-0.012239379485922,-0.0591304456245889,0.186251099641166,0.0631524111617495,-0.0524979985547428,-0.0351171779518576,-0.0438774558926754,-0.200507577888107,-0.124443900232451,-0.191886271801894,-0.0346047146931686,-0.100828030682492,-0.0414335840507018,-0.0577891739145992,0.175631289911705,-0.240325693214324,0.113886065062784,-0.14010973496357,0.0244577138315309,0.115635167748151,-0.13607511233951,-0.10827333387542,0.248459006477649
-0.13892857656933,0.208524479717376,-0.0331650597237382,0.0632080669016081,0.16953274096038,-0.0812764500462789,-0.128680450581846,0.108238982578592,0.255908855728579,-0.149180362410607,0.141162148007684,0.0226085171071971,-0.0827982213392241,-0.131461924042448,0.33531240017192,0.0702699445777984,-0.0616865000539532,0.0422407070959449,0.241361737999243,-0.0661735537392453,-0.131884524548639,0.198336532795429,-0.184856691745198,0.187476455410061,0.0584731230077092,-0.0257678188707843,0.0078425298255238,0.0022337363382354,0.0370782338414218,-0.0505800284202521,-0.0290985185928296,0.202279532380211,-0.039420314737958,0.361744378172988,-0.152532812979188,-0.071265749259459,0.08334851007014,0.0622828716670628,0.0772445082512604,0.0301972014376045,0.0832969659460435,-0.145401359983635,-0.115231826566848,0.284921027665994,-0.019404263428938,-0.105670432101164,-0.0690033429751817,-0.170473625041762,0.0648040398890145,0.0565034794732901,-0.144665653693438
-0.138849274380681,0.212187679426568,-0.0303966496259592,0.0507459454263555,0.226054234898569,-0.122340401500997,-0.0316076064370771,0.065808716203865,0.235443241199045,-0.0715509425696301,0.189020839364385,0.0854798893424046,-0.206971518199279,0.0031703255224007,-0.177617068279569,-0.211183485489723,0.0467460549328473,-0.0707368398449176,-0.149670632940296,0.0149885541472762,0.0147440506758393,0.0046753737344397,0.0831413441466983,-0.146535750841564,0.0996773520369494,-0.0344170897841426,0.133498865526002,-0.150992690124616,-0.0918177109714451,0.0913279403186758,0.0726234880908477,-0.248351151959164,0.215063137981443,-0.0574784790588626,-0.126773271830466,0.0631866350741557,0.102889368262686,-0.0129809521725244,-0.0423684086417761,-0.299480516536073,-0.0713920542871437,0.074917705035908,-0.224566807296389,-0.172524693409052,-0.037982751544405,0.29886870014194,-0.170645077982278,-0.143190141394719,-0.0364103819444786,-0.0300895453286527,-0.197312333067199
-0.138779790248412,0.21530473349338,-0.0261447042696343,0.0422248320000575,0.277983083157086,-0.15438967141238,0.0877971461575216,-0.0025605067811632,0.125144414298613,-0.002230100444002,0.199018325849099,0.152013635611516,-0.354522992196035,-0.0015129742922317,-0.177568135569644,-0.0259172841041912,0.152117703137433,0.086259525025105,-0.154538292174597,0.102518676282103,-0.216940694798352,-0.0952169042466887,0.0903022271820684,-0.0057935264241406,-0.0119829049917273,0.0659914111231265,0.0481438148934199,0.0871850798344934,0.0240755445793205,-0.0981246883110432,-0.0198254664796336,0.248807450791781,-0.0734508419886095,-0.239905849282028,0.0989674786592087,0.133799457673875,-0.169842788918669,-0.0120815288910794,0.0191595807157203,0.167600910444887,0.147170546897685,-0.0437374818738263,0.147093367618746,0.103022553689024,-0.123647687787836,-0.147268169934004,0.213874576557646,0.226183593704852,0.038686705717658,-0.0123715478425322,0.176516165363186
-0.138717968956374,0.218004423172779,-0.0205506423359503,0.0398533113133149,0.323778678830979,-0.177236417629444,0.228637827668978,-0.0849804367871678,-0.0881813078440748,0.0925539062710093,0.0514409652012345,-0.0491719916544495,0.0172458721515517,0.0061555249048327,-0.111727619680056,0.0348880670642739,-0.106743259558777,0.155652579727498,0.151748738930669,-0.0929624697717778,0.281695364789099,-0.0152379705717747,0.039085147858925,0.0516857796788106,-0.0777761362114104,-0.120369645649998,-0.0522550049736362,0.245644324604553,0.0677737735180488,0.089805819213403,-0.318928476264163,-0.120226052784418,-0.0448637835423525,0.147387646825296,0.155488040897908,-0.0962291746562899,-0.0309404542969608,0.132781022533316,-0.100662692908994,0.235022094468938,-0.277229480524124,0.202633946116269,0.0926618091873938,-0.0935848760769241,0.194292211201082,-0.0122481772531713,-0.119919513529595,-0.0434564372755527,-0.0081574056216133,-0.0622447171114431,-0.0449922065074128
-0.138663373076896,0.220326462507832,-0.0134216102670612,0.0442633134870853,0.362471533239217,-0.188536056290623,0.389859278089196,-0.193511582171427,-0.42464920901446,0.143388730158462,-0.271169377159283,-0.0910509029684383,0.235602486203396,0.0133240399967066,0.155774121891903,0.0345480019241925,0.0125501085194412,-0.113218355056048,-0.0227856191610391,0.0275249490267645,-0.105118101616111,0.0162385921363434,-0.0641295263483413,-0.014526382901124,0.0241074015193833,0.0502538500512425,-0.0030299337109065,-0.170034852767601,-0.0366076649590832,-0.0304925897546281,0.208080908148725,0.0158369957839806,0.0201642494065976,-0.0298583140893445,-0.0987697246720433,0.0140081356144262,0.0633195359661418,-0.0805866405418912,0.0574758368597937,-0.159137147923032,0.136984858222265,-0.12443163242506,-0.0624477480291369,0.0478085176664341,-0.070142822360134,0.0225168301851658,0.0389962685932766,-0.0164713309906571,-0.0041275040288708,0.0615034062482477,0.0171978694538972
