-0.005257484482983801,-0.00023190454446010957,8.916572414185097e-05,0.00017901939018917105,7.64917410789769e-06,9.183407123101066e-05,-4.370935073047303e-05,1.6316481503175312e-06,7.102087380584577e-06,4.159166008947371e-05,-1.630044377099394e-05,-1.301526128696844e-06,-1.0595282157978229e-05,-2.7089578280595135e-06,-4.271326460553528e-06,-2.1220944211738703e-05,7.156279376530672e-06,2.022058116478243e-06,-6.7659645452762265e-06,-4.480979467526673e-07,-6.505344653779654e-07,-1.1217926723135855e-05,4.0629612193634685e-06,7.790662400436814e-06,-1.7096048935043694e-05,-1.3096479156330091e-05,-1.2412999420420083e-06,-8.856014391233757e-08,8.096543965625324e-06,9.192405491869825e-07,2.147374336014778e-06,1.055769407879344e-06,7.060479398489885e-06,4.201022207303681e-06,-2.686683633830453e-07,-1.282953575651698e-06,-1.046851433755719e-07,3.1746002778542625e-06,6.360554061702995e-07,-1.9500284109487954e-06,-1.6042331132932722e-06,-2.0041024348229367e-06,4.5152412232782566e-07,-4.602752061225956e-08,-1.5172816381205367e-07,-1.5742518754121846e-08,3.48786754991916e-08
-0.00406699644897119,1.1369421145833279e-05,-0.00038555990776936423,0.00019057025979306972,-0.0002293333960106172,-7.300399886348459e-05,8.956352395420343e-05,1.993889494049558e-06,-1.5336573057493314e-05,1.8101631894558578e-05,1.0645355969369287e-05,-2.792172282682647e-05,2.988262943074585e-06,-2.0434577401626275e-05,-7.995322081891823e-06,-1.602899355434675e-05,-4.453011172837275e-06,-2.0286573006116563e-05,-1.2341469436127607e-05,-7.026331084233622e-06,-7.497340153775283e-06,-1.5121667882219003e-05,6.509674448833794e-06,1.946501612585961e-06,6.981120231373349e-06,6.108283639811167e-06,-3.402829829482481e-06,-3.7254493130634504e-06,-1.6617141985135035e-05,-2.2260153814572853e-06,-4.8408296964082805e-06,-3.6397683892566182e-06,-1.6140304570351453e-06,4.498780366946494e-06,-7.915271667252619e-07,-1.1430680323557625e-06,4.804964004658371e-06,2.4559051109406896e-06,9.911767424922526e-07,-3.0511044556293278e-06,-1.6741948462477445e-07,-9.945644172324751e-07,6.856477851046167e-07,-8.555620403860823e-08,2.77632410159396e-07,2.482004720459948e-07,4.995386251166715e-08
-0.0049662697084002,-4.321893336745527e-05,-0.000322784588085486,0.0002626241944699773,-0.00016518240152596525,3.345298435926634e-05,3.9792626796470746e-05,1.9738912639520583e-05,8.529182016137752e-06,1.0685976627438677e-05,-2.0805015723659843e-05,-1.495850105181776e-05,1.3494771895684066e-05,-1.6376223576924458e-05,1.4543184202100309e-05,-2.081503538707743e-06,1.1459405353294643e-05,-1.1116429095185599e-05,5.0565581222260844e-06,1.463518211025027e-05,1.5373496226134646e-05,1.7602935751153205e-05,9.189393550713908e-06,-1.6722852422046794e-05,1.0396069615661268e-05,-3.950536677023534e-06,1.8684369299327263e-07,-1.0553446440211488e-06,3.510878027999298e-06,4.147292785033856e-06,-1.9820610468379388e-06,-5.304617424147658e-06,4.67271953842065e-06,-4.718444943548212e-06,-6.945381223259473e-06,-4.133174193664013e-06,1.437706224842649e-06,-1.5476061504886483e-06,2.0188806912784115e-06,-1.014493325095896e-06,-1.082628984844755e-07,-3.1107702529270776e-07,7.209792782338391e-07,3.0230602311823334e-07,-2.3840221305603663e-07,-1.1120357787021905e-07,-6.750150365968488e-08
-0.006024514935088267,0.0001558142232005177,-0.00028421862004582586,6.641861426300742e-05,8.278017272899043e-05,-2.510789846567238e-06,-9.366452792204111e-06,-1.4459500335546076e-05,-1.781041006507492e-05,1.3969966941294918e-05,1.0450174934381235e-05,2.302009568059808e-05,-6.902217111900419e-06,1.0760689752695312e-05,-2.1529966390818843e-05,-2.0233050454955564e-06,-1.943389306961213e-05,2.8402823806667434e-06,-1.0075608521853647e-05,6.969555992402644e-06,-2.8031915440070337e-06,9.384850081056607e-08,-1.0286233701798706e-05,-3.5514727770322896e-07,1.4549392269115691e-05,4.803445937745189e-06,-3.5625795809033196e-06,1.415733843175691e-06,1.2723006584183833e-05,1.6470053191064494e-06,-7.92150946517837e-06,3.341541066759091e-06,-9.020139494861843e-07,4.318425692559766e-07,-5.0168516514300186e-06,-1.4679753515989796e-06,-3.5439003653438733e-07,1.970318821632176e-06,-1.5396140892249104e-08,-5.016429380589351e-06,-1.8085688036433458e-06,1.0834827680022794e-06,-1.1453775977635547e-06,4.218915980472275e-07,-5.414195907189125e-07,-9.453007937212015e-08,1.5865825007916355e-08
-0.005750597410024124,2.673833040823654e-06,-0.00011282394419666909,0.0001549281786351467,4.397776479164654e-05,1.4250910459091395e-05,4.930164726232488e-05,-6.846546811139474e-06,2.515633799389375e-05,2.647478713498002e-05,1.559051404325463e-05,3.638896367788645e-06,1.0607878491581465e-05,4.879675403823156e-06,2.907893872120486e-05,-3.021931132597511e-06,9.062937323538162e-06,1.2250860974440572e-05,-2.258679078977349e-05,1.7477151769046853e-05,8.051635889767167e-07,9.959202539911896e-06,-1.673177084709989e-05,-2.0936465136521173e-06,-1.838703763781518e-06,4.468315380002213e-06,-5.648636475242069e-06,-1.4363799999130513e-05,4.214525249822493e-06,-1.937951450295133e-06,-4.125360426402447e-06,-3.041069208311089e-06,-1.884907688549515e-06,3.463554438052874e-06,4.5721099028518114e-06,6.334680151821305e-06,2.2412087195088413e-06,2.4071977914298046e-06,8.856380814038612e-07,1.8245360296277905e-06,-1.0291982856694485e-06,-5.482437717231947e-07,-4.029220146831504e-07,3.3033656367471966e-07,3.5515413436766954e-07,6.891204935891876e-08,6.476454074288471e-08
-0.004730552251651817,-6.80788284374203e-05,-0.0002668355802569359,0.00010524287217504549,-1.6507871650414464e-05,-5.401787787846203e-06,3.186322603700161e-05,-1.523362693878884e-05,-9.637019863576092e-06,-9.265317631565908e-08,-3.3739312944776883e-06,-4.918390456646029e-06,2.0301315655436818e-05,-1.9785532206818984e-05,-2.7826090280404373e-06,-3.187879171691569e-05,6.0040185481120535e-06,9.140066349005436e-06,3.304458881205264e-09,-5.413356892225395e-07,-1.4629544377678128e-05,6.1281275503962946e-06,-2.8415579134986074e-06,-8.232716283377317e-06,2.9894687638466406e-06,-8.580360259753018e-06,-4.0975085450596025e-06,2.1292051325549187e-06,-6.055369271204243e-06,4.2705551589742145e-06,1.493794070966726e-06,6.976848263447633e-06,-4.951850806155583e-06,-1.1852815262270327e-05,3.333756812947903e-06,-1.749788930569189e-08,-1.7188199636463309e-06,4.000778262044476e-08,4.051977697773855e-07,2.4493486181758643e-06,1.3654921432730058e-06,-3.036505129232661e-07,-1.3604440503948622e-06,-9.591128753372354e-07,1.5605618442627495e-07,-2.6954270118974763e-07,4.8375813653885274e-08
-0.0055571623858150536,0.00017889495673659847,-0.0002724778511554294,0.00011449419524849664,0.000232888510175645,2.653635256851555e-05,-4.3710255619781554e-05,8.97329463992195e-06,-3.29643196900933e-05,3.5144296898417765e-05,1.4487569937637274e-06,6.791601115176855e-06,1.3150511869245325e-05,9.02497677415325e-06,1.662888192625477e-05,1.5481800356821673e-05,-1.3895195437833806e-05,3.3714626958360488e-06,6.008859939962882e-06,1.8189432523338488e-06,-1.4163766431565535e-06,-3.3158745217613163e-06,2.178614783210797e-06,3.362526385752204e-06,-4.4249461127951515e-06,8.78650580548058e-06,-2.8724682434517e-06,4.79869662778498e-06,5.025936412508525e-06,-3.568309203927738e-07,-5.098002624905331e-06,-3.6678155033987575e-07,9.29419228412517e-07,-5.2091064604012445e-06,1.1543721723607737e-06,-4.084123518518819e-06,-2.4578490659758412e-06,-4.580159267207592e-06,-8.041681661850528e-07,9.298292245766963e-07,1.0619628544634754e-06,8.293470150697947e-07,8.794086671535976e-07,-3.909023438002442e-07,2.9443097647780786e-07,2.7683956759169995e-07,4.13394185850124e-08
-0.003950792948599319,-0.002280142429530154,-0.0002787093149904693,-0.0003127518246777467,-9.248401001852214e-05,7.440170399505012e-05,0.00010242816213589572,4.533851701645553e-05,6.580496347946263e-05,1.108185159275356e-05,1.6084921817520998e-05,-3.5389416682819755e-05,-2.3008775991277644e-05,-5.771131858342372e-06,1.1726219217550809e-05,2.2677779581404117e-05,-1.2731618832816022e-05,2.2957421185554075e-05,2.8433837383323277e-06,6.089180290013157e-06,-6.4234023933029e-06,-1.5542157860185017e-06,-8.268134511482744e-06,2.2607622422589745e-06,-8.64051191788514e-06,1.266668827929549e-07,1.36096739301083e-06,4.517612516940301e-06,-9.616311345361142e-07,8.940480577022034e-06,-4.859001579844609e-06,3.379905649951613e-06,1.9616700568984207e-06,1.0058922068271504e-06,-2.5407776201394335e-06,-1.2625417214803952e-06,-2.2390147644385304e-06,-6.809054007087755e-07,1.0797433432190264e-06,6.732523603442687e-07,1.6037562306463427e-06,2.726984913886408e-07,9.157181844748999e-08,-1.579266863314858e-08,-8.93388362488954e-08,3.6406533032368004e-08,-1.3039243324900982e-09
-0.00793212512089522,-0.0017858893468267634,-0.00010520045213823843,3.8359564921542735e-05,-0.0001397329380575643,-0.0001982478989432412,-0.00014102875705017832,0.00010863797390130082,-6.237563169666344e-05,-4.105210540074398e-06,4.061958962152883e-06,2.0277357813656826e-05,-3.936116860283783e-06,-9.320532903462032e-06,-6.130124207382549e-06,-1.2648541374410028e-05,1.297431347145748e-05,-8.21358161194128e-06,5.8207993296141555e-06,-2.17721319297314e-06,3.7577334037297267e-06,2.2341166434975088e-07,-3.9993787668301605e-06,-3.6780446057551833e-06,-7.184067684782382e-06,-6.230007068709692e-06,-1.130666675164056e-06,3.907276844720309e-06,7.461088806837495e-06,-3.86274417024836e-06,3.115877939880379e-06,-4.058845670540798e-06,5.014566029232453e-06,1.3622118360739411e-06,4.276050924031292e-06,6.474669765784773e-07,-1.6783811771748927e-06,-2.924652990375469e-06,-8.775337099456648e-07,-2.9578435134668595e-07,4.021289791920739e-07,-5.1590729145662785e-08,-8.714758772560967e-07,-3.5873355870499296e-07,-8.572583462993091e-08,1.818974312769664e-07,-1.557047631692166e-08
-0.006090504625415832,-3.845373758140783e-05,-0.00018629565458277641,0.00013325035245174331,-0.00016528872560418896,-7.512146380951e-05,4.6803090507147904e-05,-3.005574693019714e-05,-4.200214078029585e-06,-8.556563024888799e-06,2.2826176594999164e-05,-1.9754601239153988e-05,1.1514113131162316e-05,2.0718923471909904e-05,-8.23745172486186e-07,-5.392405349961472e-07,2.0767355115829992e-07,7.397414639492452e-06,-9.912855615886358e-06,1.0293855519638023e-05,2.1785999500580153e-05,-1.5202981918651292e-05,6.273020502646689e-06,-1.0870472331377577e-06,5.398840008703612e-06,2.7225265774372235e-06,5.302524818555571e-06,-1.3979403727394689e-05,-1.7698556580110077e-06,2.3398554900312457e-06,1.377196313123399e-07,-1.8730158920749276e-06,1.2691261800239333e-06,4.5719345016292044e-07,3.85097029857425e-06,3.5673470751213823e-06,-2.7378297899265213e-06,-1.9012384867823202e-06,-4.2540442545244016e-06,-3.885051056621114e-06,1.6778497059423437e-06,1.3953936237236883e-06,-9.916541557016493e-07,-6.999075537599096e-07,3.1858394963222917e-07,-1.0569560414440299e-07,-5.245806361210963e-08
-0.0057433914573977556,-7.301277196576675e-05,-0.00014242733580516727,0.0002921427756037453,-0.00013089992496393741,-1.051417606354827e-05,-5.854030209302978e-06,3.782072224910627e-05,1.7132545968874322e-06,-7.899890752475764e-06,1.0667360328158893e-05,5.971052240549562e-06,3.8775592568054e-05,1.5106057762347943e-05,1.29716725835597e-05,8.978118610148768e-06,-2.1492310812175978e-05,5.031854758533923e-06,1.4839220267184824e-05,-1.07721247083058e-06,7.358442872733068e-07,-4.196196062439923e-06,-4.359329525047121e-06,-7.908896328125553e-06,-5.640539802229378e-06,-8.33947088131701e-06,1.241593930625293e-05,1.1196470910185209e-06,-1.0492215542731266e-05,4.863470846569439e-06,9.129302415087765e-06,1.283922366556078e-06,4.2719594735705766e-07,5.533301721129828e-06,-9.925710687521198e-07,3.843797758682622e-06,4.26494331828031e-06,7.679403422059372e-07,-3.2915277246025335e-07,2.0670326696201176e-06,-2.1383999531051353e-06,1.023390228248285e-06,6.408838557202492e-07,2.665953243713241e-07,1.0290487963296042e-07,8.741971411911784e-08,5.69532983305075e-08
-0.0046834414188050896,-0.000915055261926354,-8.605849182864111e-05,-5.617901382021614e-05,-2.4849441619613283e-06,4.0496667947702296e-05,-8.509264136617677e-05,-3.8915932389046616e-05,-3.153458013807358e-05,-1.736521948172266e-05,1.755710139585672e-05,2.4174255509325424e-05,2.580890557238191e-05,-9.33712822763055e-06,1.6860287008162697e-05,-7.165694104854083e-06,-8.807931813058324e-06,-1.3210271825820313e-05,3.8941357528867475e-07,-4.360947235949864e-06,-1.7125237063173226e-05,2.0970826064866885e-05,-5.548217228400145e-07,9.89816199522228e-07,-4.821589430883489e-07,-8.44680210872801e-07,-1.9277509726686597e-06,-8.31526839849674e-06,-6.849339179674547e-06,1.1371100011168531e-05,-5.484553439381071e-06,1.992994251431925e-06,-1.5965857257941595e-06,3.303638122918947e-06,-3.869663508872634e-06,-7.946833407591695e-06,-3.374934074936758e-06,2.2825774647757085e-06,-2.6295901534446546e-06,-1.981474096367717e-06,-3.710831186833006e-07,8.995195485921348e-07,5.423809497169775e-07,-1.138674283655216e-08,1.7022578211182712e-07,1.4124668922154687e-08,-3.972934642322529e-08
-0.006856225841753793,-0.0009598072753989724,0.0003194687600128016,-7.372300462499191e-06,1.0166850954863624e-05,-0.00011147280764769977,-3.635458366449704e-05,-4.1370965659366216e-05,-1.8780323314285663e-05,-2.3733745845381652e-05,-2.722417008436071e-06,1.2843244535183309e-05,1.573033192495856e-06,-5.044852035188318e-06,-2.00202951222787e-05,1.556616953017592e-05,-1.2641573819755172e-06,1.6749593806413364e-05,1.5456522018842104e-07,1.2445141726173066e-05,9.861060445086674e-06,7.272436768705683e-07,1.183126445683574e-05,1.0888338740436449e-05,4.775233247805043e-06,9.793783287257065e-06,5.868647163904017e-06,5.171065439430546e-07,-6.279874965302698e-06,-1.4026199039695237e-06,-3.129324262129331e-06,2.1864405156202e-06,-2.124239565467251e-06,2.5835317151713318e-06,-1.6516460844998948e-06,7.010211926333425e-07,3.511777309146817e-06,1.7246230433891996e-06,9.940258745381003e-07,1.8668491933157293e-07,1.0836346582360025e-06,-2.286579430780919e-06,-3.65107369899511e-07,-2.537142648286118e-07,2.24814317341823e-07,2.535098479361978e-07,-8.374003654441329e-08
-0.005766094750240819,-3.993041683908529e-05,0.0001564800004890052,0.00010923715225620978,-1.321131343343181e-05,2.0705326079811596e-05,6.982268867526308e-06,-3.751992801698455e-05,4.123680964143318e-06,3.6375285044245117e-06,1.1415026693394165e-05,-8.553412554580299e-06,1.286883750604336e-05,-1.1836892129156066e-07,-4.0357413137723413e-07,8.98145463249915e-06,-4.827842260955937e-06,4.537156855025146e-06,-8.918182947680114e-06,-1.4948077434362848e-05,-9.721048744293103e-06,1.716986654895209e-05,-2.9944037614281303e-06,-1.0496363184563962e-05,7.288969937082322e-06,-6.315263172137625e-06,1.1282555346369318e-06,5.697909209768543e-06,1.0567028897230948e-05,-1.3099089510769207e-05,-6.134877381638087e-07,9.041760506426945e-08,3.053786023098349e-06,5.843257324310557e-06,-4.113470274366782e-06,-4.464118809749727e-06,5.037859771830949e-06,-1.5706466490461806e-06,-2.1163570490274497e-07,-7.211428341189545e-07,1.3078754939876423e-06,-7.402180634021763e-07,-1.5066574673438383e-06,1.495428488589481e-07,2.508533609803644e-07,1.9710739336171329e-07,6.659966923626427e-08
-0.006606513153759308,-0.00024076578056353456,0.00020315855283164485,8.249451046466824e-05,0.00014968107536521817,-0.00014802139398289722,-1.244211432159755e-05,-2.303405618452704e-05,-1.9015830983361935e-05,9.35044841423937e-06,-2.8322430660077456e-06,-4.538878152071091e-06,1.129522213303467e-06,-9.766660954219457e-06,8.119974134091828e-06,-9.924113282518178e-06,-5.94877204858e-06,-2.386481209021264e-07,1.080708810687107e-05,2.188647115691087e-06,-1.4214382861758157e-05,-1.847179827761787e-05,-6.276088335324347e-06,-1.2447792985188333e-05,-1.8286800753287985e-05,9.002577775233718e-06,1.6955174969520524e-06,-9.65003940498061e-08,-3.028792548626378e-06,-9.941831141561938e-07,-8.08541117099948e-06,-1.300474620019416e-06,-3.6096696891471233e-06,2.6623555691781177e-06,-7.384713217329371e-06,1.4112446793303832e-06,3.315641543685231e-06,-8.226991499375951e-07,1.6339960880974079e-06,-2.398945465116705e-06,1.848293080883495e-06,-1.0190057973933021e-07,-3.974450386901113e-07,-4.074180662798671e-07,-6.850636489642989e-07,-4.498804256602245e-07,1.693636126618362e-08
-0.006848874288190712,-0.00015161898805705516,5.2072456417477365e-05,3.4538674240428436e-05,3.162841391536903e-05,-3.769756120473044e-05,7.798520046607399e-05,-3.8301169134302495e-05,-1.1098152866144233e-05,1.6319093292728415e-05,2.7217379519297564e-05,-4.7153964089864456e-06,-9.041615355873298e-06,2.9170078088907523e-05,-1.247794996950623e-05,1.6233104603569816e-05,1.618481001957465e-05,-4.483789469343559e-06,-1.8927104107230042e-06,-1.148526813266195e-05,-5.839340572552387e-06,1.823424978907451e-05,1.7919434654722007e-06,-1.789840032169413e-05,3.7198509861268597e-06,4.868117613531326e-06,6.88573980171896e-06,8.659706790449991e-07,1.7852520233216832e-07,3.226905104141822e-07,7.481085076914094e-06,9.253679394515267e-06,2.882313919157862e-06,-2.0954928011830215e-06,-4.050397816374256e-07,6.902937414460655e-07,-6.379338987889613e-06,2.278140628214424e-06,-7.298307054274727e-07,9.383763962991469e-07,7.753999301597288e-07,-1.2727043765630163e-06,1.8621225912317234e-07,-2.8565002429253183e-07,-3.661849390858247e-07,1.3752765969233518e-07,4.8247799219665384e-08
-0.008976320446918982,-0.0003718241415874893,6.318465240902029e-05,7.106716457418794e-05,0.00010545145307630436,-2.42349720498807e-05,-5.845187961599954e-05,-4.642219733572284e-05,2.7754122683430657e-05,1.226686909257204e-05,6.908356574526631e-06,4.601074715765633e-06,5.742486251820336e-06,-1.1224583570231834e-05,3.5234162358303744e-05,1.5413710420220677e-05,9.94388587406487e-07,1.560161012123915e-05,2.50632997202019e-05,-9.751308084012793e-06,3.7657901882805792e-06,-1.1563482891593971e-05,-1.9821162933745005e-06,4.6910251475901875e-06,1.1190418407931194e-05,-1.122343345230856e-05,8.329394380641523e-06,4.395158772974433e-06,-3.443872431374658e-06,-6.202944719786251e-06,-5.365196788178269e-06,1.1567059702883429e-06,-3.4008635669263945e-06,-2.277301142151524e-06,-1.6545459605129302e-06,2.569476080301268e-06,-1.796987864696209e-06,3.5973719132200894e-07,3.803968735242415e-07,-1.3599742526443584e-06,-2.706272615018636e-06,7.354323515327906e-08,-4.67184670747416e-07,-6.101875464799272e-07,-1.3212329234816387e-07,2.1431992834498872e-07,-3.083000903893066e-08
-0.005077464122447668,-4.6375509158263256e-05,0.0001593250451039972,7.832731685551367e-05,9.211815702559533e-05,-0.00014082815715989657,5.518547412418902e-06,3.7417871889965756e-07,3.7716262657706236e-05,6.789291032475321e-07,8.630197148202266e-06,1.959164300755973e-05,-1.3104327613111598e-05,2.8905896096523622e-05,-3.1169086305637486e-06,-1.818543273128927e-05,-2.3577510444650278e-05,7.08519419271593e-06,-1.1682136922469854e-05,-2.3561623476502434e-05,1.0515703092398574e-05,6.736155251608312e-06,-7.752818833897883e-06,-3.7041377507728525e-06,-7.144211845294213e-06,3.1733497356018947e-06,-5.9910133118276795e-06,7.315633899171727e-06,-1.6154749814062465e-05,1.0754235077242383e-06,-6.010695828104496e-06,-1.122781706233414e-06,-3.513832138589859e-06,-7.419049377207417e-06,2.343187972793749e-06,-4.3175071755410666e-07,4.416000849731057e-06,-2.0478426164538548e-06,-1.8788365892685685e-06,3.417128967310533e-07,-4.1436112666548437e-07,-1.7600161427719303e-06,6.039451584074635e-08,5.496109734383141e-07,-1.0876079976987828e-07,8.309848199074326e-09,-3.989993172241682e-08
-0.005039251159375739,-9.396033024495436e-05,2.096729540556484e-05,3.772362428857799e-05,0.00020717216604718126,-2.6562561399353116e-05,7.274949940583705e-06,-2.9719110642999626e-05,3.1176121683382243e-05,1.0586698577394409e-05,1.9176264544055307e-06,1.7401703998490534e-05,1.897308068514038e-05,5.3836121704983835e-06,7.863774051052209e-06,1.2128693045184306e-06,1.9228268880179355e-05,-2.2667490228525107e-05,-2.993902795078162e-06,1.4050956435511081e-05,-1.2172737000451454e-05,-1.2635076028922919e-05,6.860357269789599e-06,-4.7987890844125985e-06,-6.302634746946214e-06,7.2699403003759654e-06,1.809934893638169e-05,4.5407924302301995e-06,4.3421861445868145e-06,7.859663121146051e-06,6.239671963364742e-06,-5.629476053944855e-06,-3.802188774859641e-06,2.78372329202391e-06,1.5866567576213553e-06,-1.4146317872789995e-06,-1.5991238628630548e-07,4.0878298455147375e-06,-1.7254180676811684e-07,1.617238808271352e-06,1.2816573071714172e-06,-1.1494172626924152e-06,-3.706698453748019e-07,4.768475465724453e-07,-1.9851786813356304e-07,1.7576250422043824e-07,-3.677128881637517e-08
-0.0047329138788049455,6.418249861043281e-05,3.308923881197407e-05,0.00024849453939121695,2.604135021918831e-05,4.336562001710161e-05,-3.9938049354229724e-05,1.3443366995527185e-05,5.477221178537286e-06,-6.742141722955154e-06,1.4329127273876363e-06,-3.0708382145314855e-05,6.421507386823656e-06,-8.357251202990061e-06,-1.0590925452077568e-05,-7.1364203385627965e-06,1.9468266907879513e-06,2.908787548398174e-06,2.6337399575405297e-05,-4.490922647571248e-06,7.966917085023532e-06,8.174986952998821e-06,-5.002935395519051e-06,-1.133094151188976e-05,-5.3870778666563315e-06,8.250176561766252e-06,-7.873628677613646e-06,1.0192743907253918e-05,-2.546727992026647e-06,-7.986889197482638e-06,-2.3426073786535644e-06,4.705408814235058e-06,-1.452707541396062e-06,3.7118701946728326e-06,1.0840856857207874e-05,-1.787918893304269e-06,-5.751524451050087e-07,3.949836755362613e-06,5.226997469801428e-08,-1.708347859714206e-06,3.859522346126744e-07,3.539743050763756e-07,1.7153621400607264e-08,8.0196713072876e-07,2.185108900345034e-07,2.1725796962367755e-07,-3.42774874928363e-08
-0.00816536365240036,-0.0002270466117909717,0.0003631759397755304,0.00023853749638669678,3.590014450713944e-05,-8.060748184372071e-05,-1.1111027193060943e-05,1.7692383869240183e-06,-1.5641502732585428e-05,2.5672725242664908e-05,-3.618657206022111e-06,-2.190308231543919e-05,8.147034736591474e-06,-6.754896472662502e-06,-1.0452489396412897e-05,-7.356516723895397e-07,-2.3712193509371362e-08,-1.4762279870690935e-05,-3.32944142272175e-06,5.361478000064532e-06,-1.3425250478206167e-05,-3.3738955489644115e-08,-5.73493726267743e-06,1.1498656403613102e-05,-1.489713017310149e-06,-2.712934043020174e-06,-3.6920112285082503e-06,-1.4926987996612722e-05,-7.70338918765505e-06,-1.2733227695132177e-05,3.4909939631578977e-07,3.956667922773283e-06,8.132590974331837e-06,-5.311806981843499e-06,-5.169175335288193e-06,3.077643677687229e-06,-3.948417276289762e-06,1.8724548525786088e-06,-2.1876962015301557e-06,3.513140174817006e-06,5.961138542453208e-07,1.3782062628083683e-06,2.3190826666004e-09,8.605914171437753e-07,-1.771798335969475e-07,1.409713406839282e-07,-8.429139149763597e-08
-0.004092190703461454,-1.5878203327354322e-05,-6.983796570748138e-06,0.00015314680497402944,1.8190635239003815e-05,0.00012733503626787812,5.621588753582865e-06,1.3231551874526154e-05,-2.6225041905126664e-05,2.1994035392294703e-05,7.621546330499071e-06,-1.1152754494554144e-05,-1.4714271903770038e-05,1.4370118663728198e-05,-6.9236826207974836e-06,-3.71068261739433e-06,1.731105763706109e-05,-1.0243504676889727e-06,1.1168680341785239e-05,-9.983340633114567e-06,1.0098269848909943e-06,9.5760203398622e-06,1.333870761565067e-06,2.031341109270653e-06,-3.764503631045137e-06,4.360293130175727e-07,8.194037277703083e-06,-4.0514026537630645e-07,-4.1550582488940445e-06,3.195032275343855e-06,-1.836717571315065e-05,-7.804768718570446e-06,-2.881855252900436e-06,4.314765849024215e-06,6.4344436531712426e-06,-5.143868426215172e-06,-3.73744806544662e-06,-9.121162465654693e-07,7.783720790547514e-07,9.717242647242397e-07,-1.5470306601017808e-06,2.748865450062734e-07,-7.517743688727101e-07,1.5694641223983875e-07,4.434793448745648e-07,-2.744646988890952e-07,-3.2321188689608495e-08
-0.00603110694929422,-0.00010054172632229777,3.453702151405228e-05,0.00019743508865328332,2.9915028416375245e-05,9.73869476994984e-05,-1.0951236177883918e-05,3.408224395082383e-06,-2.3274261932463198e-05,6.654193172826345e-07,1.8062571551838583e-05,-2.6852325677169315e-06,-2.1674163296972755e-05,-9.072901125193416e-06,-1.8093990027732424e-05,7.63335218412979e-06,3.55939596265924e-06,1.3417717632033669e-06,1.2442043292849762e-05,7.77222985044792e-06,-1.0078147016555355e-05,1.949281710234329e-05,1.7943442015970728e-05,1.1210641238384757e-06,-3.5964852337642756e-06,3.31374549163117e-06,-5.14021982321035e-06,-4.184454186260519e-08,3.4733515428790273e-06,1.4180902541296983e-05,1.2868860774166474e-06,-5.085101558632729e-06,-4.683364469414524e-06,-4.37963579974295e-06,2.1291678288913732e-07,1.25561109648864e-05,7.5223095731744395e-06,-1.0436293266403331e-06,2.1000976781948962e-07,-1.948950580985038e-06,-2.91537039359246e-07,1.2418396051875057e-06,2.561335477830355e-07,-7.839513652663674e-08,-3.3384123637116493e-07,3.032025566533233e-07,3.5486320755836053e-08
-0.006298246931473172,-0.00022971832757344475,-4.4509084633091e-05,0.0002403122218096759,-9.645095718799205e-05,0.00012622763987450738,-9.207396973964641e-05,-4.516631769031726e-05,1.3238712718870403e-05,-1.5397633742548994e-05,-3.5443613862730985e-05,-1.0482479625521665e-06,-1.9097179960177755e-05,-8.055531922161152e-06,-8.836226616193392e-06,8.519080416975341e-06,3.981089234358536e-06,7.004453899288939e-07,-1.1253264220377521e-05,1.4670858647625199e-06,3.1371623843650646e-06,1.3464070315262151e-06,-1.0271485565421007e-05,-2.574303677738521e-06,3.621630111549488e-06,-3.2952015247877074e-06,-1.0146563391679013e-05,1.3461557186853433e-05,-1.0032114016383735e-05,1.8113686716754602e-06,1.2676421931767216e-06,-2.455557353016232e-06,1.0009830608259941e-06,7.72217873626903e-06,-5.056584207258301e-06,1.3937626149706714e-06,1.2127761672481755e-06,2.2784811862763818e-06,-3.910139658530029e-06,2.5833941910318805e-06,9.880662630507773e-07,8.620250830680445e-07,1.355680382108812e-07,-4.943451045693351e-07,1.222234036982238e-07,-1.0320144113272444e-07,8.384913897027465e-08
-0.006897519103413412,-3.264510386639436e-05,0.0002364007812487717,0.0001645477980929891,3.0543336861927616e-05,-3.547107463083328e-06,-1.7132932431721052e-05,2.0481057402676385e-05,3.8564844589684925e-05,3.670031975069039e-06,-2.0251515480074153e-05,-3.4353104921108037e-06,4.1478030851637895e-06,-1.0216272923562761e-05,1.429179130692718e-06,1.097953145877139e-05,-1.0268911892266026e-05,-5.0025128656506724e-06,-1.61674247480212e-05,-1.1270411791945268e-05,-2.7454552334730085e-05,-5.102159921033984e-06,1.325617698967148e-07,3.283137184492628e-06,7.90144912297662e-06,2.7942846562422293e-06,-3.7656082619887045e-06,3.4877647976810598e-06,8.628377817243021e-06,3.3472996041185083e-06,-1.496872723311559e-06,8.399256800919763e-07,-9.052019856235336e-07,-5.862557755294755e-07,8.02376600234821e-07,6.7915317139487e-06,-3.430744967853835e-06,-5.852397123772908e-06,8.440245397738718e-07,-2.1496476228267112e-06,4.820750270322933e-07,-7.160538922790904e-07,2.1180030121166177e-07,9.239373199768202e-07,8.890790247255339e-07,-4.447624354380228e-08,-5.245662830034452e-08
-0.006780272666552993,-0.00012366035935496556,3.670638276809238e-05,0.00019504808859599352,-1.1034960533745173e-05,0.00012260441541008148,1.4920376383013055e-05,-2.9263104926468594e-05,9.553421837118282e-06,-2.753500673308768e-05,-7.962793960542296e-06,1.1499037025346506e-05,1.9137929960373502e-05,2.9621517473322804e-07,-4.6462016232629395e-06,1.6076016258839783e-06,3.587756316725224e-06,1.1563117752612e-05,-3.5783564093753784e-06,-2.1779509020192874e-05,6.759478495874344e-07,-6.660667029168082e-06,1.450423099735932e-05,1.7515404680454847e-06,-5.150752820668245e-06,4.853996402205806e-06,8.751711471848988e-06,1.3404866541851934e-06,2.132624110636588e-06,-1.2016575255928553e-05,-8.092948046653905e-06,-3.742229888845329e-07,8.318683323654615e-06,3.4504414842544245e-07,2.5298361380216183e-06,3.8019222578861025e-06,-1.0537624528417512e-06,-2.327109135685033e-06,-2.160928583547095e-06,-4.6403726433377687e-07,9.050839720876647e-07,1.5829283442953267e-06,7.95231138203678e-07,3.503532521532009e-07,-4.7448325367889393e-07,-1.618778401266326e-07,8.79990701527796e-08
-0.006058206586252945,-0.00010257266029844459,0.00023724548983224608,0.00022289478414283583,9.016634227578426e-06,-3.079856400193374e-05,-2.3035189526608985e-06,-1.2205780187163598e-05,7.409239809054986e-06,-6.554174408010529e-06,-1.370484884064963e-05,-9.458895882752987e-06,-6.7323229111105764e-06,-1.2228651936550812e-05,-1.0169281477928483e-05,5.9389038136165605e-06,-3.1526013034115714e-05,-1.2793712689731578e-06,-3.710601559848954e-05,-1.8672710447772335e-05,9.872104774716599e-06,-4.225943945970362e-06,3.0578390050492956e-07,-1.1856429593017494e-05,-8.543589890066059e-06,-5.464048555352288e-06,2.643622153315188e-06,-2.7529055321835504e-06,4.356792229339023e-06,6.601043034231696e-06,5.117915442421248e-06,-1.279678436255853e-05,-4.336969045427596e-06,-3.806910378044638e-06,1.498257452384051e-06,-3.5598895029087107e-06,-4.546347232847866e-06,1.8278042147089208e-06,1.9530661678055065e-06,1.7527640387804623e-06,-7.153784019201324e-07,1.5009834730631742e-06,-6.433738571263737e-07,-2.9603720784183383e-07,-2.548271304360381e-07,3.278128071786826e-07,-3.180685631968881e-08
-0.01051455725066425,0.0009204942618413781,-0.00018360525634309824,-0.0003098135247635162,-0.0002357365550139183,-7.556398360843077e-05,-7.744849324120537e-05,-1.7318551970749936e-05,-5.394551078917369e-06,2.623733904627733e-05,-1.4152538946305222e-05,-1.708384784520287e-05,-2.9112951535541754e-05,1.3076000155459631e-05,1.655740117423061e-05,1.071917046000454e-05,-2.4507976079454134e-05,-1.8451814730868786e-05,5.216058562248152e-06,-2.2579837755535084e-06,-1.6400583422767128e-06,9.69688335642634e-06,1.2978744672846617e-05,3.368601292873438e-06,-6.755633438685616e-06,1.6177742321312654e-06,9.703105123963613e-06,-2.4763914738410177e-06,2.1167176036958185e-06,-1.5808904644372915e-06,1.8732482918921655e-06,3.650598039293033e-06,9.726178341674107e-07,1.3304784091857987e-06,3.0413051067231176e-06,6.227322334419111e-07,5.173153340769124e-06,7.006270193733748e-07,-2.6460125636248286e-07,2.5318163573908e-06,2.301631726161095e-08,8.225287688558603e-07,-1.3011807931494162e-06,1.9936539135556752e-07,-1.3753652196309677e-07,-3.396086333417929e-07,-1.683958024323305e-08
-0.002992116389439791,0.0008707539409632571,0.00023041989104830666,0.00025652625073474756,-0.0003978143053626947,-7.806916703596098e-06,3.457590359036578e-05,4.361159353150271e-05,3.1287827970724534e-05,-9.211892047488337e-06,3.4582317319600002e-06,2.1334036602478694e-05,2.2256100164214364e-06,-4.3171840208783986e-06,7.083660264817064e-06,9.723256029858493e-06,7.18272376484623e-06,3.037117669940351e-06,-3.536103143552253e-06,-4.792298123208546e-06,-2.1148177625189283e-06,-2.672115515974326e-06,1.7913146497212242e-06,5.083329803602068e-07,-8.342988406090417e-06,2.382666664251834e-06,-1.4019050081655888e-06,1.005878443287073e-06,3.845214722438015e-06,1.897540719666483e-06,-1.8929856124202101e-06,6.4258331877538955e-06,-3.3920404534136028e-06,-7.621971797821304e-07,-1.1660339241518166e-06,-1.339286172936211e-06,-2.96766156199499e-06,1.0793009830211174e-06,5.923419246499783e-07,-1.2109312635054e-06,1.6803572938912334e-07,-1.8771321833363326e-07,-1.1447756532671302e-07,-2.664211937602149e-07,2.0291452444776787e-08,4.600391095606546e-09,-1.0155409203191372e-08
-0.002992116389439791,0.0008707539409632571,0.00023041989104830666,0.0002565262507347526,-0.00039781430536270433,-7.806916703603783e-06,3.45759035903784e-05,4.3611593531474674e-05,3.128782797075106e-05,-9.211892047490436e-06,3.458231732012247e-06,2.1334036602411395e-05,2.2256100164201023e-06,-4.3171840208540845e-06,7.083660264813676e-06,9.723256029868898e-06,7.182723764854807e-06,3.0371176699449963e-06,-3.5361031436062e-06,-4.792298123246921e-06,-2.1148177626374367e-06,-2.6721155159264138e-06,1.791314649785086e-06,5.083329802713304e-07,-8.34298840608744e-06,2.3826666641752997e-06,-1.4019050082165946e-06,1.005878443312325e-06,3.845214722370133e-06,1.8975407197744425e-06,-1.892985612514407e-06,6.425833188172936e-06,-3.3920404537058533e-06,-7.621971797144361e-07,-1.1660339245888884e-06,-1.339286173571313e-06,-2.9676615611601597e-06,1.0793009826791654e-06,5.923419238299288e-07,-1.2109312641200881e-06,1.680357295744825e-07,-1.8771321985273214e-07,-1.1447756599331284e-07,-2.6642119531708304e-07,2.0291461030374894e-08,4.600399814362179e-09,-1.0155415136472133e-08
-0.009071523213877303,0.00016072943600455491,-0.00021970737963637805,0.00011929368625289277,5.506968395539325e-05,-0.00016572245544930922,3.5645853895354525e-05,2.448379236906082e-05,-5.0652967863272996e-05,-5.880373697652716e-06,-3.7143368172736533e-05,-6.437975668604184e-06,1.2952556733195324e-05,1.1682603971387286e-05,-1.8884177825285768e-06,-5.593519426627657e-06,4.5467577493273056e-06,1.9145604135612522e-05,-8.809593610271708e-06,-1.9122628149696497e-06,1.236011507104141e-05,8.355389728907387e-06,1.7456645758683837e-06,6.569487138407469e-06,2.033447857206622e-06,-6.141422380474645e-06,4.163759257858621e-06,-1.356032402717757e-06,7.713818014359607e-06,2.999665901837006e-06,-6.590289772261136e-06,7.741299578318315e-06,-1.6304454749396015e-06,5.522831855971621e-06,-7.875635044135251e-07,3.5073906555261203e-06,1.966760562847265e-06,1.3892250183979192e-06,4.782278880717053e-06,1.52183073183152e-06,7.402822191734759e-07,-1.5054380367535896e-07,-5.70873943487014e-08,-1.2422579680010885e-07,1.0207736696482873e-07,6.389719534874162e-08,8.88448733217136e-09
-0.004308350828838934,0.0003197897775913926,-0.00013403590043071012,6.0594353189546385e-05,-0.00018257398518333777,2.5219125127609195e-05,-3.818375254014719e-06,7.896490838521668e-06,2.392201255460881e-05,9.141219243071005e-06,8.748178492933456e-06,-1.73602497037803e-06,1.1425980734702872e-05,1.0518114663395356e-05,-2.040644472418141e-05,-7.159792303817109e-06,-3.876841427983748e-06,-4.510091790413078e-06,2.1708022042745666e-05,-5.485023950918275e-06,8.743998934141683e-06,5.131179116032519e-06,-9.436555896017277e-06,5.141859392773552e-06,4.3968417308315923e-10,6.372178881010014e-07,-1.6867886221268562e-06,7.805247890923465e-06,-1.785415710929004e-06,5.326011819101545e-06,3.4511867182575048e-06,6.902338682473581e-07,-8.305249720424231e-07,3.454814151931686e-06,-6.6956320431650285e-06,4.553500593182302e-06,-3.952665153186538e-06,-4.0288470004337306e-08,-4.959441151124769e-07,-1.2256829667742742e-07,8.238647220366255e-08,-2.966874372462675e-07,-4.920932641581235e-07,8.836935959615477e-07,-3.8679255064946894e-07,-7.103330324022086e-08,-9.031861144132712e-08
-0.008456957606705676,0.0003052201114634006,-0.000491528730740855,-8.155868542445199e-05,-8.816831239507524e-05,-0.00018736707013054406,-7.88526163664514e-05,3.4011154364581525e-05,-2.0492748380180695e-05,-8.678206850007445e-06,2.442123211329322e-06,-2.0735556914334938e-05,7.640120699310112e-08,8.389585240470074e-06,6.514140191932787e-08,2.8435759997857404e-06,1.699245189710792e-05,1.1309488940825154e-05,-2.1683685068399956e-05,1.476931967242756e-06,-1.3930857934294107e-05,-9.134863927551355e-06,1.0617136876587127e-05,5.427767568706319e-06,9.643771836700865e-06,9.538761016765619e-06,2.16359246205975e-06,1.137864981700002e-05,7.168678934210136e-07,7.609154341802958e-06,-1.8284103692643522e-06,4.119241145128287e-07,-1.6376300322612793e-06,-9.376562640744034e-07,6.641520692774155e-07,-4.027886487724584e-06,-2.1479246429279996e-06,-8.328986904806795e-07,-4.315518059108596e-06,2.3722205927964736e-06,-1.6685892168889575e-06,-6.000217855398069e-07,8.371343045842495e-07,5.437058533845287e-07,-2.9533163871166273e-07,-6.617141547727691e-08,5.3938377535499385e-08
-0.005543705453881196,0.00043426848925299616,-0.0002903660459025917,8.324192759702363e-05,-8.843543925500345e-05,-6.850462044244116e-05,0.00011080381205314555,7.1825359622550535e-06,-4.3084893860327664e-05,-1.2385617891826906e-05,-2.4142775892864943e-06,1.6880494410852866e-05,-9.139430837540953e-06,1.1314032319488447e-05,1.1238410803025067e-06,3.334890080398151e-05,-1.0974863482124084e-05,5.552276867489387e-07,1.6589494209483856e-05,9.899684140515174e-06,-1.2080342494874034e-05,4.47756282321086e-06,-2.760769616745132e-07,-6.765941497282576e-06,-8.936482602695435e-06,-6.0756787743372356e-06,-6.195738223974229e-06,4.5463677653338025e-07,2.94236023164647e-06,-1.319487516270626e-05,-3.1801734085608537e-06,-1.3896816919681836e-05,-5.543801173692137e-07,-4.493007635319453e-06,-4.0225207275946334e-07,1.527673128308734e-07,-5.178496592022869e-07,3.2609384772734537e-06,-1.6097898617022036e-06,-3.2638951487718646e-07,5.95091375243158e-07,-1.390451106560757e-06,1.1600345709904152e-06,-2.0145184506453858e-07,3.515243439188207e-07,-1.7690608584361506e-07,-2.547807895189353e-08
-0.003653892027928863,4.985529701121271e-05,-1.4806229494463464e-05,-5.014265650510505e-06,1.8938002634337258e-05,-2.765261442756939e-05,-5.565337169417e-07,4.216681752584404e-06,1.6654227959174398e-05,1.4059022011839803e-05,2.1899891179357093e-06,1.8728168398145642e-05,-7.638200273718943e-06,-2.9506659033789938e-05,5.238539604503257e-06,-1.0443457999283902e-05,-1.2313636054385387e-05,1.5302408239425802e-05,-5.676278027795188e-06,3.128700330657571e-07,9.308853313983319e-07,1.547874322391479e-05,1.0512607662491291e-05,6.965852980720362e-06,3.1343522151416154e-06,6.875555726625852e-06,8.697556128246088e-06,3.2751715044153574e-06,-3.6094253030926397e-06,-3.865690409823626e-06,4.463293276462238e-06,-7.544561324543445e-07,2.5808220357816877e-06,2.5178444204755324e-07,1.8710738785829855e-06,-8.909529414675793e-07,-1.0650952914885071e-06,2.744815134103097e-06,1.1299747852080231e-06,-3.45711077381692e-07,5.517231939769034e-07,5.387494326597488e-07,4.3841623313670246e-07,-2.561572549429151e-08,1.4552681288185853e-07,-1.857100146699176e-07,-1.5489619704400907e-08
-0.006080681218462721,0.0004445807156705861,0.00011598909295134159,-3.504767736567441e-05,1.727641887592285e-05,-9.901493837856379e-05,0.00018358761217284454,-2.8835085299425605e-05,-1.23934388891693e-06,8.935942838791339e-06,1.4634647231647643e-06,-1.8974506814280723e-07,-1.6467083437195016e-05,-3.1150337263961124e-06,9.657428606902019e-06,-2.9807865114747625e-05,9.012243006602189e-06,2.105685391031072e-05,1.187495725077562e-05,-8.50187289317101e-06,-1.2100631073745957e-05,2.217763518535391e-06,8.67955072596056e-06,7.2069178181031165e-06,-5.10953490274553e-06,-4.246385856090717e-06,-9.63800370306586e-06,-6.088550841923196e-07,3.6173858357670716e-06,-1.0428830085373543e-06,4.378598112961495e-06,6.84801633912412e-08,2.491149517970955e-07,3.3133882295294687e-06,8.531634800640732e-07,-1.5030370973867968e-06,-9.102543655908763e-07,-8.389074045650507e-07,-3.916486293495629e-06,-1.898955475864269e-08,-1.231331100214652e-06,6.617334595233365e-07,2.730667158132134e-07,-4.6115046674656025e-07,-5.084397234909574e-07,2.983037484558497e-07,-3.647908223951391e-08
-0.009617899469087015,0.0012439817155607536,-0.0006007819196796376,-0.0003958636838262145,-5.559594253561187e-06,-1.7611994702066156e-05,-6.832007554022065e-05,-2.3874993265269833e-05,1.2717578702269465e-05,-2.845252568142706e-06,-1.9767287572450433e-05,6.525483767647291e-06,1.5746821468590143e-05,1.6154416610620744e-06,-7.415806540222297e-06,-8.171435307507006e-06,1.697755224899021e-05,1.7735863626081434e-05,1.0162549000230353e-05,-3.1559869318841644e-06,-1.8164459670443643e-06,-3.3219468341677695e-06,-1.54936006001154e-05,3.7642115828254067e-06,-1.0793152618361437e-05,8.970096525241303e-06,-4.5546416379701625e-06,6.089640767583374e-08,4.1198833271565015e-07,2.383180066002423e-06,8.000588887946904e-08,-3.996625989213102e-06,9.686704288014393e-10,-5.346877133024157e-06,-4.139454675370996e-06,1.0493150418139884e-06,5.76466819117001e-07,2.35928304802058e-06,2.0408232151749987e-06,6.370252154286674e-07,9.457381868914879e-07,1.289531413877898e-06,-2.2224527034986517e-07,1.580263417538367e-07,4.116605023571108e-07,2.6714799311793015e-07,-2.5123056955769115e-08
-0.008130522021322101,0.00017409403780912984,-1.2951681893291691e-05,6.435904928894643e-05,0.0002097724990256255,2.91549602586161e-05,-5.1952744574316936e-05,7.287021517634767e-05,1.4097893691807482e-05,-2.428795507984961e-06,-2.788000827147408e-07,7.941641743757697e-06,-1.1073437607993966e-05,1.9540374888320107e-05,4.9566311208372035e-06,-7.338054488326348e-06,-6.318129174513926e-06,1.435887738161771e-05,-2.5379988265626195e-06,5.083155086126734e-07,1.2413581194037317e-05,4.430362984291637e-06,-1.4424195141263413e-06,-2.7813314358620065e-06,7.542141387959476e-06,3.9859554581513085e-06,-8.884319164486266e-06,-1.488348844391515e-05,-1.9579440764222084e-06,-2.5151131995723683e-07,3.145418017522681e-06,-2.863530725558345e-06,-2.2429793395560116e-06,7.405183729525166e-06,-2.765767211107249e-06,-1.1849320761321457e-07,-5.656044245782279e-06,1.4283306010025871e-06,9.234977075148801e-07,3.114451361636252e-07,1.601128760592841e-06,-4.7210097073696744e-07,1.3710184201950857e-06,-1.2687612179369578e-07,-4.29051234741196e-07,-1.406987273582846e-07,1.4581676659253552e-08
-0.006802778602343432,0.00011464803319034073,-0.00042614392198150577,-0.00028010126271553975,-8.849872434077122e-05,0.00011658354805553098,2.4619432147890985e-05,-6.436778330347048e-06,3.706793042933978e-05,1.6474759463819072e-05,1.9316883356448837e-05,2.2446493262569365e-05,2.2316450468938628e-05,-9.934471762728587e-06,-2.6520752185719225e-05,-1.1364769271585997e-05,-9.210773451238814e-06,-6.590113671877972e-06,2.1605059777535784e-07,-4.961571482648917e-06,4.776438106608305e-06,-2.709696216220034e-07,-7.81210719339214e-06,7.918239287950492e-06,2.532736948486589e-06,-1.5483807917637102e-05,8.540750067826788e-06,-2.662183455747985e-06,2.0198340387480535e-06,3.0020438889985966e-06,-3.1428660653295264e-06,-4.199741639087848e-06,3.431347382954416e-06,-1.472023145094047e-06,6.152846519843457e-06,1.367692490525748e-06,2.124424038283978e-06,-2.5449586996402366e-06,-8.380610244160889e-07,-1.466301285290156e-07,2.1887188033303535e-06,-1.2620150962168522e-06,6.012976073350548e-07,2.7401077563078396e-07,-4.139729398158436e-07,5.333488685297543e-10,2.7624596405421105e-08
-0.00767743795432003,-0.0021929560337141003,-0.00040673186687226236,-0.0003158993554991744,-8.153472707206368e-05,0.00010529567876346397,8.69493880938037e-05,-1.9837788720358695e-05,1.9000581652904648e-05,3.884341579347623e-07,-3.5047801045251884e-05,1.629621606952628e-05,4.5615679939339325e-06,1.317111260033003e-05,-7.106579312913236e-06,-4.133523980917321e-06,9.904678095792755e-06,-1.1961260447932531e-05,-3.6094701905656384e-06,-1.3567258082456272e-05,6.815229105412043e-06,-5.204830452708753e-06,4.997117868643705e-06,-3.9359543628643195e-06,-7.868865622463998e-07,1.0908224773091026e-05,-3.7440060347041895e-06,-2.45001548103983e-06,6.037529093843642e-06,-1.0509885103565997e-05,6.637941018556876e-06,2.1936699711377994e-06,-6.193914014749909e-06,-4.842548276531675e-06,-2.3961602230166665e-07,1.8068859482652046e-06,1.3293765751091643e-06,3.3987895165192456e-06,-4.87784558754343e-07,-7.808354472014944e-07,-2.141286799944817e-06,5.956543007218035e-07,1.4804662179907379e-07,1.390687013076111e-07,2.511317373159618e-07,-1.7305298405330106e-07,-1.0859334600872271e-08
-0.004788497357378518,0.0005513583456493657,-0.00030836307209958073,2.332299253818412e-05,0.00023811412204759923,-6.124631708138798e-05,1.9595656625560058e-05,6.129450627029271e-06,1.0239613435163238e-05,-1.3697727681432853e-05,-3.663237313362582e-06,-7.2363853663629345e-06,-1.0641852647279787e-05,-2.292730960961245e-05,1.2514141308849218e-06,9.864773633257471e-06,-2.474358273705613e-06,-1.3968681476107348e-06,9.559198086610241e-06,-1.180481662741852e-05,6.137858383095164e-06,-7.151239499455186e-06,-3.2690726190542504e-07,-6.538701773273531e-06,5.848500757357195e-06,-3.401849993056512e-06,8.775491281462748e-08,-3.392403852952613e-08,1.8042326271753357e-06,5.415394992759816e-06,1.4864280502804625e-06,-2.1114705007540125e-08,5.9507089581394345e-06,-3.29664094361903e-07,6.905643795956851e-07,2.72450153679344e-06,-2.2581124144078124e-06,2.4791381947546415e-06,-1.850507098209309e-06,-6.543091451525442e-07,-4.6553181029365644e-07,-9.841461773105817e-07,-3.619579646458458e-07,7.820444374547443e-09,1.3399727113829458e-07,-1.0175524258927484e-07,-1.5458204299412635e-08
-0.004840762920462755,0.0003595320020070199,-0.0003240079560514239,-0.0001697338266277154,-2.863200677798899e-05,-4.597014099672298e-05,2.2140361143594232e-05,2.595137221499108e-05,6.31341550637263e-06,-1.918000466395684e-05,1.1655002540563238e-05,7.955738905210002e-09,-1.515367145456738e-05,-4.235276469764881e-06,-4.354665399078952e-06,7.00975674763135e-06,6.421935020266788e-06,-5.956465757346328e-06,1.0995154939299477e-05,-1.6631637166160966e-05,-1.1184984389040132e-05,-1.935922740138355e-06,-4.945437853821795e-06,6.5457336855925165e-06,8.252662122099643e-06,4.655113996907885e-06,3.095912155608411e-06,-6.368173770595077e-06,-8.413341353446615e-06,-9.771128534720924e-06,1.014106266090816e-05,-5.841605432250819e-06,-3.3752453947883425e-06,2.907384933986235e-06,-4.6790348965829993e-07,-4.2546191334503926e-06,-2.8943958535232972e-06,-3.3578847640667338e-06,6.668547874531611e-06,-7.938767850968914e-07,-7.673618016422039e-08,4.835072350354585e-07,-6.443171887024137e-07,1.5870297625283926e-07,-3.435126884596738e-07,1.6244960310089223e-07,7.321514527852006e-08
-0.0060808622920850135,-0.0001589015149960003,0.00019883446267660493,-6.698944807514664e-05,-8.998495528675887e-05,7.177492834727586e-05,1.9323652919006246e-05,-1.3225476613631026e-05,-4.080727738867077e-05,-6.976250023294208e-07,4.709455929364989e-06,4.206905915684276e-06,1.277148198598416e-05,-1.2084535611715948e-05,4.173425884670821e-06,-2.6391354392269694e-06,-1.8650234250412636e-05,1.322947624726528e-06,3.433842374810969e-06,1.607507339335494e-05,-1.2281668587017457e-05,-1.0273875459890498e-05,-4.679620021928158e-06,-7.133672124866078e-06,1.3935029875895262e-05,1.7104623631358521e-06,-9.915340286350924e-06,5.521607325698476e-06,2.955431497734495e-06,-2.6217291612870676e-06,4.7936300265321624e-06,2.996292053745643e-07,-7.762967757559837e-06,5.650310701514508e-06,9.8896577659318e-06,4.5514432136311405e-06,-2.761414885438376e-06,-5.503067135595718e-07,1.566898815577376e-06,2.657649461892907e-06,-2.912864698666926e-07,-1.1438583145086981e-07,3.406817602776383e-07,7.850849457924712e-08,-5.356569316838158e-07,-2.55650835579852e-07,-5.510139173224326e-08
-0.009940725525198658,0.0004487732324333139,0.0008555547646886059,-0.0007946220429307553,-7.221563489021978e-05,7.833788185355344e-05,7.050784667622749e-06,3.9725645076176405e-05,-3.661681145633178e-05,6.345639855549934e-06,-4.153261240476205e-06,-1.4964094778452013e-05,1.4444022672473468e-05,8.657038948143032e-06,2.0126618006662653e-05,-5.789933008731545e-06,1.8365404194256818e-05,9.743221243221687e-06,-1.3630889271638445e-05,-9.445915268551188e-06,-1.2613673107424495e-06,4.092149571818841e-06,-5.848256617592178e-06,-6.573839074160454e-06,5.705385559820119e-06,-1.964623057100827e-06,2.990859020579672e-06,8.598928595274452e-06,-5.601319515447374e-06,2.6183620422456234e-06,1.954101228894269e-06,-8.846761031601903e-06,3.7158109652373517e-06,-4.841886462783186e-07,-6.909091027549629e-07,3.2320696481703273e-06,6.726804714589074e-07,2.2077499544954056e-06,-7.666963366774366e-07,-3.871503902569408e-06,3.727743061336853e-07,3.4322435816644336e-07,1.1196938407962524e-07,3.932244026607718e-08,3.6597677114997164e-08,-2.475170983431305e-08,-1.4828179361124822e-08
-0.008293426762874798,-0.00026375639899147595,0.00030511236453935195,-0.00027771858623782227,-0.00022705042856067796,-6.008643588112784e-05,4.535466823302067e-05,-5.9421569807468156e-05,-4.554952740543027e-05,-2.3716889350102024e-05,2.182840361323483e-06,3.4967467371746027e-06,-4.218792429024308e-06,-1.4463800974422207e-05,7.914026040947696e-06,-2.319826382695776e-06,-9.818174431259384e-06,6.334195334454484e-06,7.997435954428705e-06,8.910516319112173e-06,1.1731665299757534e-05,5.577244203259528e-07,-1.2518757701776489e-06,3.6660353704854828e-06,-3.3948177621771675e-07,-2.365295063384759e-06,-3.099785699540699e-06,-6.757511094628223e-06,1.092759463490214e-06,3.14470180267256e-06,-3.063501405697712e-06,-2.5701674576238173e-06,2.182801075046105e-06,-3.4565650485941105e-06,-3.69659475392485e-06,-1.58685197510673e-07,-2.679273022038628e-06,-3.104820921632217e-06,1.8420380295509674e-07,2.708137486663216e-06,-1.3329992641198652e-06,-1.8263153460854798e-06,-2.879549801458343e-07,1.009390500882296e-06,4.486479829053245e-08,-1.2030773293244796e-08,8.930332452091371e-08
-0.00742908454612071,0.0004789381350776217,8.229589461216985e-05,-0.00040564544193416976,-2.2846618500333795e-05,4.257562013946935e-05,-2.4550069867745308e-05,3.021873543960913e-05,4.861845657056071e-05,-3.790350627508998e-06,1.118163773060142e-05,6.673097530568543e-06,-4.5020595871664933e-07,-2.1715041850121152e-06,-6.816399082285411e-06,-1.3205177823127887e-06,-1.571451978275923e-05,-1.6480511361144233e-05,4.34551433783816e-06,2.8395273585101566e-05,3.187452516616257e-06,-4.356140973064268e-06,1.1791268612963242e-05,3.2770862008561685e-06,1.0327867011112182e-06,-4.491564624541604e-06,-8.997705704277281e-06,4.0566581817370325e-06,2.1455267817167636e-06,-5.2515440779122885e-06,-9.102119766480406e-06,-6.716050105516033e-07,-2.1030017675856345e-06,1.7148512835460282e-06,4.3226552392883415e-07,-1.1841459221840797e-06,-3.8481307597565266e-06,4.461213920812606e-06,-2.550602538684729e-06,7.430269907440231e-07,4.97667461132608e-07,1.3232526432879566e-07,-1.0248910778452026e-06,-3.685993714296886e-07,7.88868154523612e-08,2.7395746644955206e-07,7.055455302135347e-08
-0.007760652323609074,0.0002951065624878968,-2.1766920413156008e-06,-0.00034133739084213854,3.4611742896133686e-05,-1.323317424310723e-05,-8.782321846167226e-05,-5.8365390035499626e-05,4.314457970750073e-05,-2.7188166469884376e-06,1.2352435602366556e-06,-9.977444762386283e-06,3.8000988857187993e-06,-9.801113277463462e-06,-1.321944519345125e-05,1.1526990401453116e-06,1.5153421665309652e-05,-3.4317889091255504e-06,-2.6335912345581365e-06,-6.0161746553071945e-06,5.414498514825004e-06,1.7413599047012363e-06,1.87966761611099e-05,-1.5242931984166625e-05,-6.8059879582154465e-06,-1.1290565286263318e-05,-4.377174644166944e-06,-7.763368412970514e-06,6.417108672425577e-07,-3.3679843703558254e-06,-8.221514446146454e-06,3.19558361725555e-06,-9.682168601138742e-06,4.875446725059512e-06,-1.269445546466532e-06,7.973736890138029e-07,-2.335524820465311e-06,-4.453361070891128e-06,1.6285395133046278e-06,1.4371386293223378e-06,-3.1860882872263504e-07,6.880392555829988e-08,1.1990122435172213e-06,-1.9033955225302766e-09,-5.6378030633749925e-08,4.907121620916789e-08,-4.012690947432508e-08
-0.005772818933510077,-8.506394290783523e-05,2.627058981220801e-05,0.00012778788197181535,0.00012889987815169635,-3.9453994157804836e-05,1.4188301185439467e-05,-1.369611500972785e-05,2.3916940888653338e-05,-4.5255960594619784e-05,8.751116898503521e-06,-2.4956348283944012e-05,6.44251111046037e-06,4.956103655666476e-06,6.843778988088041e-06,-1.0459731738306428e-05,-8.943318982099034e-07,-2.15090593556248e-06,-1.2079167565977642e-06,1.3182829679142914e-05,1.4119804168116455e-07,7.870701138375754e-06,-1.6618800675329499e-06,1.0608545995594415e-05,-8.383250192830345e-06,-3.824242381153131e-06,7.778309530465146e-07,2.7244899216522472e-06,6.664465118071135e-06,-1.6726887199920746e-06,5.677934672479916e-06,-1.6113350265598461e-06,-2.810874402427395e-06,-1.0309199931135966e-06,8.680159211008614e-07,-3.4372741905047515e-06,5.860953105983129e-07,-1.3650758661153497e-07,-1.5063480108392987e-07,-1.8555295349205705e-06,-8.096674448746582e-08,8.914458629148294e-08,5.202011042672508e-08,4.119035939831058e-07,-1.9440550378091245e-08,-1.4465033314943231e-07,1.4878412669784217e-08
-0.00551949679871345,0.0002670000653482603,0.00014026807036053392,-0.00014716987035068467,6.346174284467676e-05,-0.00023337707544049706,6.98741373885211e-05,7.5424596501713846e-06,4.6776464285924906e-05,2.576689927786049e-06,6.638345067238659e-06,3.996418935301318e-06,3.231667710164251e-06,-1.772588157523983e-05,-2.6522702876038152e-05,7.157178528938715e-06,9.76876487305562e-06,-1.7316522174817178e-05,-7.842186769689923e-06,1.3213557454915776e-05,1.5593674979182076e-06,1.4614387159850402e-05,-2.2784176984364563e-05,7.275655051416809e-08,-2.8241828908448616e-06,6.007896816721019e-06,7.385845468678588e-06,4.250508698351053e-06,1.6337905340629145e-06,-3.2597118449815868e-06,-1.8055396228485691e-06,-4.3122251457872836e-07,2.3903487303505545e-06,5.047365742799127e-06,-7.430580471781752e-08,1.5742384614962251e-06,1.5838354366274015e-06,-4.3010781972810665e-06,-1.440721606019694e-06,9.483166197467606e-07,-2.352136213752269e-06,8.821422908531197e-07,9.005437108466692e-07,-1.2705472711115058e-06,2.018769652038663e-07,-1.4312311246518521e-07,-2.4694507851758755e-08
-0.007220211458471601,-1.8681132364523984e-05,0.00027818373763869014,5.998902315656615e-06,0.00015849271060136883,-8.751119465855503e-05,5.71138830143739e-05,2.5873951227072524e-05,1.9447122430354292e-05,4.0818047233830936e-05,-7.516221063856409e-06,3.0200486804823767e-06,3.0566693447565264e-05,6.026316718557044e-06,-5.384057547301925e-07,5.571801090676916e-06,-5.256237726257578e-06,-9.057736772481447e-06,7.167689580647459e-06,1.2211218936251873e-05,2.0150044844876654e-05,-4.805992497729129e-07,1.8439860299234124e-05,1.345974206549691e-06,-2.2477083803692912e-07,4.0151696769289756e-06,-1.4486534636484025e-05,1.0472213349520084e-05,-6.882028027857392e-06,7.00570281950789e-07,8.225560220647228e-06,1.9684854338797317e-07,5.272067444424744e-07,-1.227629310136923e-06,-2.059416874313419e-06,-3.099972395105808e-06,-1.135539876268806e-06,-4.075975917825307e-06,1.1647902046079082e-06,-1.0306954131467562e-06,-2.9802352794952753e-07,2.910831115839924e-07,-5.606546040144079e-07,1.7553809635310175e-08,1.725757662077454e-07,-1.120043421677325e-07,7.311832323776218e-08
-0.0052287636491189105,0.0001328442675777817,0.00016175831884146936,8.285579533313436e-05,6.396900145856567e-06,0.0001055495034461339,-3.857637495643197e-05,4.236987006147688e-05,1.845666923814708e-05,-5.583945712010437e-06,-2.6187722314620536e-05,-3.0721287712334686e-06,-1.534442542931562e-05,3.536982004612458e-06,-3.8190153396194e-06,-1.949407645449857e-05,-6.171216229117613e-06,2.1648192880896717e-06,1.0765138565484392e-05,1.4372632739881971e-05,-5.3614193905275875e-06,1.5949749373181348e-06,-2.5838495383598828e-06,-7.123037245280949e-06,3.900118131219875e-06,4.550583507714908e-06,1.391457540510403e-05,-7.274023832206722e-06,-2.4701138915387603e-06,-3.316874593871267e-06,6.972480636613921e-07,7.07018669403564e-07,-3.540957110715324e-06,-3.11157816014352e-06,-1.7590155991169091e-06,4.799270633610352e-07,-1.2638191632288721e-06,-2.2408498952197094e-06,-2.2355249751066055e-06,-8.190603594994212e-07,-4.91344526641519e-07,-7.642420242901811e-07,-8.987289608582451e-08,-1.424322455326559e-07,1.5863543128730888e-07,1.2736301983674935e-07,4.226101449445063e-08
-0.005545605245044817,-0.00016126285814897014,0.00012385305255180947,0.00019011303879336224,-1.530938867181952e-05,1.9493887781484223e-05,-5.1730221385250255e-05,-6.544112763058668e-06,3.0144773973036294e-05,-6.033875900705502e-06,2.9778372032670474e-05,1.4455701019799675e-05,-1.4259624540104054e-05,-7.558290690832515e-06,1.0196000455063257e-05,-2.168110446474597e-06,2.1462768591306043e-05,-1.2203841170549058e-06,2.0255698853271903e-06,-2.083526638509236e-06,4.762045437864442e-06,-5.606827183061161e-06,1.4038952852888772e-06,-2.553145081379285e-06,2.593271155818126e-06,6.912988069715037e-06,-6.759800870014093e-06,-3.3403823255288424e-06,3.661519352991559e-07,1.231303299567423e-06,9.514936790144283e-07,-3.417765669886681e-06,4.26885455087562e-06,-1.2639445094519828e-06,-3.668799080687356e-07,-1.7546885375982888e-07,2.615034924530226e-06,-5.790224141718146e-07,5.89973034218848e-07,1.9955598882589792e-06,-2.8914332667615818e-08,2.2908975435446762e-07,-5.567983145156617e-07,2.536145578534877e-07,8.669897215873039e-08,-1.2997503245281705e-07,1.057645187277668e-08
-0.006693557558941797,0.0002115928139177875,-4.9704629155340026e-05,1.6646972045429398e-05,0.00013118829636122776,0.0001395882984427831,3.025366805905228e-05,8.79132821364795e-06,-3.786922499658589e-05,-6.4064017649062704e-06,3.347466572228614e-05,8.345643026687306e-06,-9.100589649646726e-06,7.217364163293462e-06,-3.158857147780985e-05,7.491561380193712e-07,4.0876747541353105e-06,1.571125019666912e-05,-1.4983866489010597e-05,2.0659645921942672e-05,-7.35494011107311e-06,-1.0020111034061883e-05,8.19069438925183e-06,-5.289836429291931e-06,-9.225098483111562e-06,-1.146627124685195e-05,4.976411697978708e-06,7.0089612565186275e-06,-1.069346228493484e-05,-2.4814857480874175e-06,2.5957494248386983e-06,2.672957352780798e-06,3.6323463147035193e-06,-1.328541171462557e-06,-3.9611857766550076e-06,7.316365218754218e-07,-3.636873998372245e-06,3.332612409004993e-07,3.838688180058246e-06,-1.2264189873255872e-07,-1.4792561342925644e-06,6.608576446539566e-07,-2.507616411418055e-07,2.7909812591310584e-07,6.265418823040911e-07,-1.9038485784755766e-07,-1.4275386347880588e-08
-0.01048384229035918,0.0002497438502939824,0.0001020738439193927,7.165855085573675e-05,-0.00010255704127946706,6.113679281917204e-05,-2.3264124628834155e-05,-6.946020817158372e-05,-5.370658930383735e-05,1.641396507662508e-05,2.372566208808128e-05,-2.815963782072328e-06,-3.20328449753466e-05,-9.73390874133699e-06,1.0701167751255915e-05,-1.1124873853258308e-05,-2.480867799263244e-06,-1.4073028394930093e-05,-4.4850264463655376e-07,3.04851908480428e-06,2.21813304837297e-05,-1.074927811780289e-05,-1.753480747259377e-05,1.0586155940036197e-06,2.4828245183319613e-07,2.0945365053840987e-06,6.603130182288212e-06,8.082142753613956e-06,7.764531931987792e-06,-2.830877562543177e-07,5.834751417867358e-06,6.5067908028597295e-06,-4.36458464244906e-06,-2.9599380722646587e-06,-4.2162364957707935e-07,-1.902486452160827e-06,-6.26272117476654e-07,-1.0144099466633353e-06,7.175298184558703e-07,-9.615495814974512e-07,1.2099565177075124e-06,4.343385627889415e-07,1.7930598722524338e-06,9.473967155537426e-08,3.9702668636781527e-07,1.0527448776844179e-07,1.4419693601297488e-08
-0.00793983992742359,0.00010658949905787855,9.940516955858049e-05,4.7954965886174145e-05,9.522119454518139e-05,0.00010519860940109304,-0.00010429994296087196,5.7944338429453515e-05,-8.844163162001192e-06,5.961992829397198e-06,2.1704077015221797e-05,-2.125206537086402e-05,1.4134588102001663e-05,-7.731432206109783e-06,-3.3903235310678955e-06,2.845178798714128e-05,9.670600612815612e-06,-8.293799290151267e-06,-1.0572222696103786e-05,-1.478138831031102e-05,5.728339008931524e-06,4.5768897927659986e-06,-3.9113918987271375e-06,1.6904649697465863e-05,-2.973467822115885e-07,-5.357694248137621e-06,-2.0324946010916738e-06,-4.573707725637242e-06,-1.224819761339935e-06,-5.5066242600824505e-06,1.8950162544853458e-06,2.647392950558917e-06,-9.448962796113951e-06,-7.482417694951447e-06,-6.703047561047002e-07,6.991195620888341e-07,3.0885415810539887e-06,2.9344240075870834e-06,-6.581524435427502e-07,-7.863484149811062e-07,-3.6200761345317673e-07,-1.1252831669638724e-06,2.4788838830401284e-07,-6.644633315538964e-07,-3.5024213905930927e-07,-2.4168517426049265e-07,1.3013044622792336e-08
-0.010119208291120743,0.00040955156629731657,-0.00017887136951181342,-0.0002759603447096201,3.769131609893936e-05,0.00011901479167318183,-6.599265513446404e-05,1.2820299604086424e-05,-2.615501014591387e-06,-1.8144596917260972e-05,1.1372712566515566e-05,-3.95089071878987e-07,1.0525759825011498e-06,5.971389324924792e-06,2.8670158826844666e-06,7.993628812643024e-08,-1.7194159533732184e-05,2.413063416126422e-06,-3.7881291059321176e-06,-2.8040600346949957e-06,-9.474110148759752e-06,-5.029675237582508e-06,3.845871271052572e-06,-9.504693231945746e-06,-6.099284340647548e-06,4.75058465557078e-06,-9.574480512044945e-06,-1.0387954499887816e-05,1.3457782122769322e-06,1.6723340779167125e-06,8.071581307419497e-06,8.967302054925291e-06,9.936144780698658e-06,2.68313683842318e-06,2.103526455037721e-06,-3.923137584092322e-06,6.541664383530843e-06,-2.3332865746748167e-06,2.8665826038082267e-07,-7.55646255446352e-07,-9.082066202527568e-07,-9.190502448206447e-07,1.5739173413225728e-07,-5.743187319590868e-07,2.7806605495438874e-07,4.434388094605017e-08,-7.55944811358534e-08
-0.008361431722248411,9.513241422429002e-05,0.00025311786961844504,0.00010978185574898236,-5.992788118147451e-05,3.503678057763751e-05,4.828644517850508e-06,-2.8602906519864245e-05,1.0906062224520016e-05,4.790299675950016e-06,-3.6345407472108584e-05,4.788490409467018e-06,7.939327933742449e-07,-3.2708648826657215e-06,-1.545542325691006e-05,3.1037016071485364e-05,1.2503712015018428e-05,1.440993976169311e-05,5.376522537287133e-08,2.2330499042791267e-05,-3.2452380121352903e-06,-5.026782828907074e-06,-1.1011478668122205e-05,-1.5163413280662687e-06,3.5785810923919073e-06,-4.806412558769214e-07,-1.1648132838119606e-06,-5.370257740704296e-06,-7.488977610052092e-06,4.514575274565168e-06,-1.264621300727186e-06,2.159174135178131e-06,5.372583960556359e-06,-4.491089939410349e-06,9.209681152555407e-06,-9.20556148508504e-06,3.900598593693453e-06,-5.374544959385189e-07,1.1327397625790366e-06,-1.738430936849696e-06,-4.052738331439542e-07,3.9730989438625e-07,1.0631781109492835e-07,2.384493398898963e-07,-7.384350057826818e-07,5.457375842741466e-08,-9.397832395562959e-09
-0.009927712033662163,0.00017823992171432727,0.00037155202899512936,-6.16062515962606e-05,0.00020947461114557837,0.00013557124711553614,0.00019175768059685234,8.158789314210243e-05,-3.134457434951316e-05,-2.3647782563951445e-05,2.0808420918070335e-07,7.4426702294486516e-06,1.4895840843479029e-06,-1.2669267687872662e-05,-4.194311021700424e-06,-2.7107428605400743e-06,-1.922826230218012e-06,-1.7371992342130797e-05,7.2172484510178154e-06,-1.439579811015845e-05,7.008068344090199e-06,-9.250888347996956e-06,-5.547613581216238e-07,2.163900807770752e-06,4.272156762093214e-06,3.82545510962507e-06,3.3979435779075942e-06,-1.9030922033658499e-06,4.903810796505088e-06,6.304081073084424e-06,-8.432340160349949e-06,5.357618975756607e-06,-1.1691812806988175e-06,5.520136893843057e-07,-2.178593039888474e-06,-3.862746495469279e-06,5.339559758711684e-06,1.2397458723099195e-06,-6.247320147707317e-07,3.84326353341689e-06,3.7400526148841795e-07,9.074982941010461e-07,-9.095241360000452e-08,1.3353943275389807e-07,7.650362061987572e-08,3.3784736302487486e-08,-3.071950404102122e-09
-0.003653892027928863,4.985529701121083e-05,-1.4806229494459926e-05,-5.0142656505063674e-06,1.893800263435844e-05,-2.7652614427572232e-05,-5.56533716975078e-07,4.216681752659958e-06,1.6654227959107415e-05,1.4059022011640437e-05,2.189989117945224e-06,1.872816839827448e-05,-7.63820027367423e-06,-2.9506659033896854e-05,5.238539604276663e-06,-1.044345799940042e-05,-1.2313636054208296e-05,1.5302408239462448e-05,-5.676278027455208e-06,3.128700332171656e-07,9.308853313530592e-07,1.5478743224064242e-05,1.0512607662541739e-05,6.965852980659248e-06,3.134352215255274e-06,6.875555726821111e-06,8.697556128502009e-06,3.2751715045985363e-06,-3.6094253024904674e-06,-3.86569040991424e-06,4.463293276904432e-06,-7.544561323057141e-07,2.5808220360367314e-06,2.517844421923142e-07,1.8710738788165964e-06,-8.909529409991841e-07,-1.0650952920074052e-06,2.7448151335442467e-06,1.1299747851946813e-06,-3.4571107588126713e-07,5.517231950646569e-07,5.387494304869542e-07,4.384162312176847e-07,-2.56157261025294e-08,1.4552681032853907e-07,-1.857100092949986e-07,-1.5489628717292016e-08
-0.004788497357378513,0.0005513583456493657,-0.0003083630720995745,2.3322992538170218e-05,0.0002381141220476143,-6.124631708137868e-05,1.9595656625514017e-05,6.129450627049232e-06,1.0239613435122507e-05,-1.369772768142664e-05,-3.6632373130369777e-06,-7.236385366146335e-06,-1.0641852647503345e-05,-2.292730960938391e-05,1.2514141308583735e-06,9.86477363329345e-06,-2.474358273790068e-06,-1.3968681475886617e-06,9.559198086765023e-06,-1.180481662732155e-05,6.137858383393197e-06,-7.151239499174243e-06,-3.269072617980451e-07,-6.538701773317193e-06,5.848500757506193e-06,-3.401849993426566e-06,8.775491308571744e-08,-3.392403849405676e-08,1.8042326278134785e-06,5.415394992683774e-06,1.4864280505701804e-06,-2.111470479017457e-08,5.950708958656122e-06,-3.2966409425014395e-07,6.905643799676496e-07,2.724501536711653e-06,-2.258112415502663e-06,2.47913819426329e-06,-1.8505070989646287e-06,-6.543091441963136e-07,-4.6553181048745064e-07,-9.841461762581623e-07,-3.6195796511388477e-07,7.820445690295993e-09,1.3399726937941068e-07,-1.0175523939772666e-07,-1.5458224023216072e-08
-0.005077528794385208,7.684454447735425e-07,-0.0002863447152393721,8.331390450896448e-05,7.970221291038286e-05,-4.214916055283187e-05,3.8971518547600716e-05,3.0117446248287817e-05,1.493182646617983e-05,-1.804579940346504e-06,-2.6365586011018743e-06,2.2047461344745196e-05,-2.790094726812081e-05,1.5313939075349956e-05,2.0661383665736328e-05,-3.449079330130402e-06,1.4602926569442004e-05,-4.046907915880558e-06,-1.3362439955612757e-05,1.0296093454529491e-05,-4.237927785816208e-06,-4.081616021394462e-06,2.4703564890885917e-06,-1.7425060453736233e-06,1.0496717638377454e-05,-2.141459092500561e-05,1.339972818014362e-07,6.029827375345416e-06,-6.301461903211528e-06,-6.444560335635049e-06,3.522470863699404e-07,2.9618113969025284e-06,-5.229034600619547e-06,4.539844712792307e-07,-7.758950081403733e-07,-1.3754397309622658e-06,5.7809217288289454e-06,-1.5060167349666437e-06,-1.1189602653409555e-06,-3.049412504572576e-07,1.5672044721656417e-06,1.2618978698702249e-06,2.5864861022718576e-09,5.36849669679547e-07,-2.3959671011978914e-08,8.312754958039871e-08,-8.203007709336873e-08
-0.007913916924932225,-0.00028911548704567603,0.00013335587423981508,2.244936860624533e-05,4.4393940846193685e-05,-9.466271549288866e-05,1.1347023053619696e-05,-3.346838006491827e-05,1.4361342008819457e-05,-2.3096656319905813e-05,-2.2369982365707937e-05,1.081700486415452e-05,-1.3751501395499624e-05,2.5461129088389205e-05,1.3727980254520976e-05,-9.159059591977319e-07,7.772045649290026e-07,-3.5452271681816305e-05,5.055062294653665e-06,-2.8799079186852355e-06,-5.56332364973285e-06,5.221932560366578e-06,-1.2778669544395494e-06,7.96725038084686e-06,1.936359517994525e-06,-6.186667513262873e-06,-4.171034367389514e-06,1.600768692305387e-07,-7.685604510303094e-06,8.861945593153758e-06,-4.81394132143895e-06,3.3887971048031754e-06,7.305899517253553e-06,-9.474629100832231e-07,5.499957658258017e-06,4.647865856868357e-06,-4.391020257276164e-06,1.431493103459408e-06,4.465000894252929e-06,-2.212845369575066e-06,3.4841976003784413e-07,3.052027535491989e-07,3.675110255917604e-07,-4.19651609796076e-07,1.1519054457684973e-07,8.316029938320609e-09,6.465111605621452e-08
-0.005772818933510077,-8.5063942907831e-05,2.6270589812207383e-05,0.00012778788197182378,0.00012889987815168776,-3.9453994157819276e-05,1.4188301185424616e-05,-1.3696115009797823e-05,2.3916940888710537e-05,-4.525596059455711e-05,8.751116898634727e-06,-2.4956348283998836e-05,6.442511110228146e-06,4.9561036557205626e-06,6.8437789881114924e-06,-1.0459731738353107e-05,-8.943318982833301e-07,-2.150905935496023e-06,-1.2079167569731425e-06,1.3182829678883634e-05,1.4119804175324356e-07,7.870701138445967e-06,-1.661880067736455e-06,1.0608545995702842e-05,-8.3832501926976e-06,-3.824242381689744e-06,7.778309527829167e-07,2.7244899215686303e-06,6.664465117394226e-06,-1.6726887203139814e-06,5.67793467176166e-06,-1.6113350267960968e-06,-2.810874402510279e-06,-1.0309199927753336e-06,8.680159212607827e-07,-3.4372741913435068e-06,5.860953107061062e-07,-1.3650758667828472e-07,-1.5063480117161223e-07,-1.855529535518767e-06,-8.096674642798266e-08,8.91445848240343e-08,5.202011298985721e-08,4.1190359085983487e-07,-1.9440541197025446e-08,-1.4465032955451239e-07,1.4878429345869085e-08
-0.0052287636491189105,0.00013284426757778216,0.00016175831884146475,8.285579533313634e-05,6.396900145839148e-06,0.00010554950344612775,-3.85763749564057e-05,4.236987006147016e-05,1.8456669238173262e-05,-5.583945711836398e-06,-2.6187722314411762e-05,-3.0721287713393333e-06,-1.5344425429485247e-05,3.536982004627148e-06,-3.8190153397672865e-06,-1.9494076454543173e-05,-6.171216229182453e-06,2.1648192878652782e-06,1.0765138565361533e-05,1.4372632739944111e-05,-5.361419390341257e-06,1.5949749374035428e-06,-2.583849538439537e-06,-7.123037245448303e-06,3.900118131217773e-06,4.550583507480525e-06,1.3914575405154553e-05,-7.274023832409508e-06,-2.4701138920333196e-06,-3.316874593894518e-06,6.972480638293294e-07,7.070186695904507e-07,-3.5409571107239753e-06,-3.1115781612129253e-06,-1.7590155988903407e-06,4.799270637214181e-07,-1.2638191635635313e-06,-2.2408498952465447e-06,-2.2355249751854135e-06,-8.190603590459816e-07,-4.913445256924519e-07,-7.64242023618378e-07,-8.987289483786507e-08,-1.4243224432084155e-07,1.5863543170646083e-07,1.2736301880411197e-07,4.2261018074233785e-08
-0.005545605245044817,-0.00016126285814897158,0.00012385305255180302,0.00019011303879335563,-1.5309388671826618e-05,1.9493887781489525e-05,-5.1730221385186185e-05,-6.544112763129147e-06,3.0144773973065588e-05,-6.033875900659373e-06,2.9778372032311816e-05,1.4455701019798954e-05,-1.4259624539999706e-05,-7.558290690887781e-06,1.0196000455105068e-05,-2.1681104463932203e-06,2.1462768591128457e-05,-1.2203841169065251e-06,2.025569885394805e-06,-2.0835266385742997e-06,4.7620454373993784e-06,-5.606827183319435e-06,1.4038952851330098e-06,-2.553145081313219e-06,2.59327115602632e-06,6.9129880701268845e-06,-6.75980086997785e-06,-3.34038232542078e-06,3.661519354990353e-07,1.2313032994724595e-06,9.514936784510472e-07,-3.417765669967488e-06,4.268854550198873e-06,-1.2639445082027223e-06,-3.668799092093586e-07,-1.754688545804527e-07,2.6150349250287994e-06,-5.790224138781656e-07,5.89973034500843e-07,1.995559887900446e-06,-2.8914332590446028e-08,2.2908975318209909e-07,-5.567983155937555e-07,2.5361455732762463e-07,8.669897096571685e-08,-1.2997503493076828e-07,1.0576482409606953e-08
-0.005940235949940286,-0.0001645456796897795,0.00018748029743510044,0.0002343000427676418,-0.00012722346923079456,8.035051050497999e-05,-2.8498477983161945e-05,-2.3357685918380542e-05,3.208817065407704e-05,-4.388747143377241e-06,9.086804552648952e-06,-1.672054324717771e-05,7.682613532032647e-06,3.4982952685705516e-05,-8.912007529261842e-06,-2.1610387920254802e-05,-8.476270821457541e-06,2.197643960671053e-06,1.1818916324123185e-05,-2.874954842544104e-06,-1.0325961359126207e-05,-6.271333092167888e-06,2.8087808141052428e-06,8.04022665617034e-06,1.5529526338927093e-05,2.251684100922574e-06,-1.00780744087726e-06,6.916638826538523e-06,8.901125878344342e-06,-1.0020117650845804e-07,-1.4883389940207002e-06,-7.933251614963667e-06,5.523171989137977e-06,-2.407395980208528e-06,-2.6050600930905387e-06,-2.2133563959872306e-06,2.1220884056222827e-06,1.090047435454733e-06,3.21751615034147e-06,3.2480847781186434e-06,-1.3612999860439642e-07,-3.074652454264823e-07,5.524790097056907e-07,-1.267313998770817e-06,6.462825133791916e-08,-4.274372565774292e-08,-6.770478050155053e-08
-0.005863850933946671,-0.00013467708976226436,0.00019918472392232317,0.00010621064125555296,4.741944805296257e-06,-2.2233496809785684e-06,3.326356456640716e-05,-2.854745222799095e-05,-7.905737662615098e-06,2.532351227493186e-05,-1.7514108824231438e-05,8.656439561125969e-06,-3.089153565192827e-06,4.041928378946707e-06,-1.8632572602828167e-05,1.3481550452553012e-05,6.636693007033626e-06,9.716193700489342e-06,1.8641632644614176e-05,-1.3722116808583204e-05,-5.153539298766173e-06,-1.5079494644663887e-06,-1.6328197761037328e-06,1.019729103825512e-05,1.7040272650369948e-06,-6.748851993072708e-06,-2.4411926944696967e-06,-9.587160320992262e-06,8.45182406697399e-07,9.369382335265413e-06,1.2427987153221204e-05,-3.767266069331883e-06,-7.124450538208728e-06,6.001938586959393e-06,2.466739078995634e-07,-4.701998770349065e-06,5.323240402538287e-07,-1.617051343434076e-06,-3.079471059215951e-06,-4.390044211718352e-07,1.0037561658230146e-06,1.9951590048346438e-08,-4.039929763715144e-07,3.363241070879793e-08,6.481306372746585e-07,-2.0894932508864972e-07,2.1339125892156265e-08
-0.004907561358549058,0.00039466573377397885,-0.00043948772400291574,0.0001423756035410598,5.554427788799014e-05,0.000296945806188251,6.736472247226538e-05,-1.8985847441749395e-05,-3.6022192459224015e-05,-1.0149897301994567e-05,-1.5952157217820623e-05,2.5930911005653993e-06,1.986401536391579e-06,-4.445422175047636e-06,2.033886374026462e-05,4.301650862347346e-06,4.420900846359806e-06,-1.1923656355677438e-05,-1.701893306013968e-05,3.645026595552282e-06,5.760956627002437e-06,8.341143800809168e-06,-2.7480119596778204e-06,1.1119382979089612e-05,-9.49726531104543e-06,8.620428731924473e-06,-1.0543407087582475e-06,7.102740907466174e-06,-8.326880788186468e-06,-2.718892399730718e-06,2.4394155673773186e-06,-1.390512742378911e-06,9.366534753494735e-07,4.3523859590666535e-06,-1.0690626943836829e-06,2.7102225463544203e-06,-3.6001575998251624e-06,-5.318163677696778e-06,-7.756128262265952e-07,2.575451177421018e-07,-2.7006633095695856e-07,-1.524952251160964e-06,-1.2443884795323453e-06,-5.618653257475813e-07,-4.557892115313284e-07,1.3362974211609897e-07,-7.69856959307596e-08
