-0.7785106145845571,0.03421597224169157,-0.39634523032273467,0.01739031549083452,-0.01240578267754366,0.013567707658208862,-0.00376828910018788,0.0027616661511404117,-0.0026331272561358966,-0.00041645587420850044,0.00021908061756467477,0.0004492756125591602,-6.9231445835140875e-06,-4.493906727225085e-05,-0.00015081415831792443,0.00016789526264401671,-7.645596229440654e-05,4.4252335066276925e-05,1.4564504573684289e-05,0.00014616550217190608,-0.00010648959424355628,4.9028227067458446e-06,0.0001463254450207594,-0.00010624052786115728,1.5923741195461303e-05,-8.534682712480476e-05,9.024044440847161e-05,-0.00023389378177416203,-2.3808385602288753e-05,8.729622068276693e-05,-1.3775821519332404e-05,4.055056413538163e-07,5.239342284998089e-05,-8.291838944185232e-05,-1.5586553569448997e-05,3.948822773769278e-05,-8.4751751216398e-05,5.529939024428235e-05,-8.108787501215027e-05,4.761474950180246e-05,-8.690524746290904e-07,-1.9322219023822498e-05,4.935019963380855e-05,-4.907302396466038e-06,-4.362274235327267e-05,-4.401843261246706e-05,4.9777291122310606e-05,-2.859451347985415e-05,-2.3125869925100772e-05,-2.9095172899215305e-06,1.6843762386470277e-05
-8.864171650823373,-0.20903589575152018,-0.2528455057358087,-0.0266499851494362,-0.009024430863794,-0.0410762227651923,0.0126390403198669,-0.0029984438338013894,-0.005552512477203458,-0.0009783099638264235,5.740354859493251e-05,-6.419240904696931e-05,0.00040538870269078454,-5.443285678549464e-05,-0.00013339372947492346,9.40817144363603e-05,-2.7372225124379064e-05,0.00018633439553192811,0.0002776236124548656,0.00015711450848735335,6.0926512146443756e-05,-0.00015602887139694484,6.850759133540908e-05,7.86878384313389e-05,0.000139944426250779,9.304400922904423e-05,5.5088408573609636e-05,8.894410596802676e-05,1.9200090459158667e-05,7.2300311130889435e-06,-5.989945889532051e-05,3.1878018571770175e-05,-1.5926343622103044e-05,-2.3017385538103157e-06,-1.1208872384505228e-05,-0.00010899777252612975,-1.079100713169973e-06,7.08268506336914e-05,-2.017503126009454e-05,2.77723875468634e-05,1.935042036526159e-05,-6.050767342582065e-05,-6.20112437927803e-05,-2.510750882964881e-05,-2.2434901563654616e-05,1.1938933860531597e-05,2.1391258201445117e-05,4.313289577338756e-05,-1.2170633424955798e-05,1.8694211803613803e-05,4.1276910346126755e-07
0.7282280440027329,0.7843227814711244,-0.1034560256894462,0.03191923446084612,-0.03693061565900592,-0.042025311000685885,0.002235963845785917,-0.0019148445425561796,-0.0023234205650936378,-0.0004310061520937356,0.00041094150395936876,-5.3685201545244854e-05,-0.0003148018042897039,8.40580683827476e-05,-0.00012107447999599662,0.00013540884078538226,-0.00015070886353583861,0.00011839514375903837,0.00017230130525958064,-0.00014809186685653774,-0.00016594645699331823,0.00018075757417976594,2.544837044399566e-05,1.2668684619225084e-06,-7.494000239022026e-05,-3.0362698334620814e-05,-0.000148238989419964,0.0001596297332534039,-0.00018166661237002234,-1.0156646361386486e-05,5.6535210760566565e-05,2.243152621412625e-05,-5.562780860984317e-05,-1.1633575124091036e-05,0.00010771266185716113,6.70805169158024e-05,3.618396346092638e-05,-1.7546034408268414e-05,-1.3841287636631415e-05,1.5759362650159905e-05,3.113036318836378e-05,3.116639488546102e-05,-4.5176761709852625e-05,-7.013489424961251e-05,3.823464986879335e-05,-3.150430599946019e-05,3.219676890776521e-05,-2.7658110061272584e-05,-6.825761470414199e-06,9.068965727663457e-06,4.835901258695981e-06
-4.504988047877471,-0.7279331214175699,-0.091946171326772,-0.03389297440546769,0.007786942688061981,-0.02283376401402186,-0.0019261016981103483,0.002191783304666421,-0.0005002560085277275,-0.0002747647977131977,-0.0003177778797258397,4.943702788112339e-05,1.3839989904728362e-05,-0.00023793456857467183,-4.7348271055513864e-05,0.00014924145369446128,-0.00015601888549908707,-6.42590734584801e-05,-0.00018797765853342105,0.00018670281238093977,0.0001473183110844574,-6.154276016395762e-05,-1.3615722247770228e-05,4.396550532435493e-05,-8.430519965985145e-05,-0.00023868088445949396,-7.584402903324766e-05,4.5872247586956366e-05,3.61830865128815e-05,5.6539373260349484e-05,0.00019989404318358596,5.519151938006515e-06,-0.0001639941481012022,6.58613304663616e-05,-4.030975904194835e-05,-3.904461139304003e-06,6.094475733643277e-05,6.370834193154596e-05,1.2136232702926298e-05,4.717020111549073e-05,-2.513525032200943e-07,6.90100829464573e-06,3.0459976154509446e-05,3.407855403401142e-05,-1.6229672093273078e-05,-2.2100872364882583e-05,2.807560545212948e-05,6.416167379888389e-06,2.8721070672640833e-05,-1.5016639334162383e-05,5.51267530654263e-06
-6.78768570954577,-0.08668611831636815,0.09046198948829189,0.031534672059676354,0.10333195202944594,-0.024278051439356838,0.0006895541849995964,0.002331982043355801,-0.0023892443759285205,0.0005458761447106314,8.843444603869258e-05,0.0003309390607047461,4.75256991920839e-05,-0.00022796277915895059,3.325925313532151e-05,-0.00021794754012841714,-7.254859885329528e-05,-2.1856569757461363e-05,0.00013568142493756746,-0.0001428284265844293,-0.0002117283550297008,-5.744311189179697e-05,-1.8415528154259435e-05,-6.322194170333674e-05,-9.052814470707262e-05,-6.898447943888866e-05,-0.00010838288252966939,5.0142754725141204e-05,0.00015892862053298805,-6.773132233142034e-05,-7.537394340692618e-07,-0.00019518609609495464,2.0528382053941422e-05,-2.725699627790001e-05,-3.2748285405986075e-05,-1.0947454912443637e-05,-9.28729730725938e-05,7.830643353791074e-05,-1.4634171864580189e-05,-2.3698093269118268e-05,-8.653671297777035e-06,-2.2017183272419626e-05,6.101880311439876e-06,5.837281502179269e-05,-4.067316054111735e-06,4.085810441617276e-05,2.0637542467862475e-05,1.7050421588466283e-05,3.2774110537395948e-06,-3.725668258545604e-06,5.322362800428439e-06
-8.168488985791338,0.05540924709463183,0.02154596553947083,0.0021799504105243397,0.01538617722306123,-0.0233294071963765,0.0014384601895731349,0.0008848865965097087,-0.0012555450287356988,0.0002303870177603517,-0.0004692323093700103,-0.00032147709202140994,-0.00026302352007006766,5.90792123954856e-05,-1.4834535476725763e-05,-2.3713473987441257e-05,0.00011365134863560771,7.712830858977927e-06,3.0125879237096385e-05,0.0002633438727296743,-9.038917884493024e-05,7.903834855950458e-05,4.54545075340695e-05,-1.8387780312869313e-06,0.00020465061632300843,-2.0444635138573967e-05,-0.00012859953759226383,3.4116195596967486e-05,-0.00011914782374559768,-6.608468052612796e-05,2.6147020467502207e-05,-0.00010172932950687895,-3.4887328759120154e-05,-6.301123476469303e-05,7.89442318340963e-05,-3.888723774475922e-05,-0.00010485259686373246,-2.9679944032801348e-05,7.389280174880773e-05,-5.445627003049157e-05,7.0355607551845e-05,1.4256655303956481e-05,7.260137621695466e-05,2.872161412088799e-05,-2.8806291472127526e-05,-2.1012176334740024e-05,-4.6201660846438146e-05,-1.302406684120752e-05,-4.106053498059961e-05,-2.9781484618105446e-05,-1.4347599471198578e-05
-3.016719589580452,-0.4525715093463086,-0.18051755001328326,-0.03883416738451006,-0.038172160899904634,-0.01685676735026318,-0.010908826309723644,0.0016799616242719828,0.004147177748692974,-0.000712634709447278,-0.0010525036617570888,0.0006927884102765817,-0.00031553378996298847,-0.00015428987036084074,3.098175421720825e-05,-9.459622592053044e-05,-0.00010718926748399725,-0.0001727806603819175,8.923635421329511e-05,-5.529046511139875e-05,7.107271829120576e-05,-1.5882351621512358e-05,-5.5266332164419e-05,1.246194988364699e-05,6.571381199733687e-05,1.1683872126032621e-05,8.518292778124603e-05,2.757523093272339e-05,-2.914184475973633e-05,-9.694876405084027e-06,-6.171179733743047e-06,6.987370183031316e-05,-6.25110185006808e-05,-3.3137363156969385e-05,-4.451312960290268e-05,7.795994336954683e-05,-1.0850928920405887e-05,2.530387491057273e-05,-1.9715448136673532e-05,5.722166164008874e-06,-7.66145525595353e-05,-5.6870364236637836e-05,-3.833661408136985e-05,5.8762218598994264e-05,1.5785655120783714e-05,-1.9744545527582514e-06,-4.8212242651112255e-05,-3.326967737056406e-05,-2.6033541122597048e-05,-5.81100517111113e-06,-1.2875327101729291e-05
-17.652958034713592,-0.09291024130438283,0.3688707100911887,0.21453846518438338,-0.10801952809705304,0.028166498682396714,-0.00499800635094712,-0.005723194634681357,-0.003275931373891326,-0.00020488867535088193,0.0009432043734975614,0.0009081238012718919,0.00040148109834564047,0.00013785435591614885,0.00015447019212871333,-6.635735763153572e-05,-2.7556977989854457e-05,-6.818389830594444e-05,1.2174127634054053e-05,-2.0641173069023994e-05,9.777106203004905e-06,-7.849509689107664e-05,-0.00017705494629439503,-3.671993109846714e-05,-2.754210877515746e-06,-3.973160178992065e-05,-0.0001674631232406088,2.2965240958900243e-06,-4.9016592306324985e-05,-3.700082987743036e-05,2.1456455675474803e-05,6.123258502227493e-05,8.581752693720192e-05,-2.7561065053209492e-05,1.9342558933800907e-05,1.4074881729981298e-05,5.34972773748501e-07,5.207310231132088e-06,-3.6527228190618234e-05,1.0284053288633526e-05,-1.5339868774414236e-06,1.147758323983805e-05,6.880451799668707e-06,-3.25051684626707e-06,3.2530702702438796e-06,-2.5223982368017874e-05,-4.445320544869853e-05,1.4040500616370155e-05,5.196228656562073e-06,-1.5176413262160824e-06,2.0747472079906576e-06
4.114295388246134,-0.7510987768775602,0.012503185912959295,0.20582475411015771,-0.11738195971362078,0.008860911977592542,0.015930325705408466,0.003466842480869901,0.004233864769365419,-0.003426406807881643,-4.177792400813308e-05,-0.00033585070010705724,1.413944459577773e-05,-6.698282209661133e-05,-6.529412426062607e-05,7.12119090189263e-05,8.762527643204741e-05,4.468551544589342e-05,-4.651155772366135e-05,-1.9078749185075372e-05,-4.722730609700938e-05,0.0001386866438566094,0.00011862347060854495,-2.835882737575624e-05,-2.7814441179242344e-05,-7.955666562418207e-05,3.30947132474095e-05,-8.08388798539006e-05,0.00014780074299093423,3.073134391717231e-05,-6.300605519301577e-05,-3.969260633874234e-05,-1.8135269101583202e-05,1.7074743650096522e-05,5.532345305291715e-05,6.00576009989143e-05,-2.3546111851325793e-05,-2.9996957287442565e-05,-2.9736006436978176e-05,6.367404001096857e-06,-9.873176043014549e-06,4.969035939804174e-07,1.6617601865496034e-05,-6.544752726504164e-06,-2.6720175623340044e-05,4.8195613329680014e-05,-2.3204560897650872e-05,2.0400217033768362e-05,1.0607581038248079e-05,-2.218799798675266e-05,-9.07864283359352e-06
2.147564510233467,-0.13662181981357774,-0.20737562870748968,-0.001992293520765832,-0.052639677410731445,-0.02438253502702445,0.009001076003631609,-0.0042387007870511575,-0.001359486091748666,0.00032137737562019334,-6.853900873707273e-06,-6.298447125893519e-05,1.2505289263023575e-05,-7.466231829479452e-05,9.952850883989101e-05,-4.298910821059733e-06,-7.621787513875959e-05,-0.00016162625609663527,8.355073948053256e-05,4.247142305033367e-05,-8.209778930734761e-05,-0.00015331807914871145,6.808079788993884e-05,-0.00017887617791459797,6.394342746901549e-05,0.00023684552268088998,5.281317655536319e-05,0.00011243080141866722,1.315798426087262e-05,6.232836018849832e-05,0.00015379719876155266,-9.56311969983328e-05,9.514635936156026e-05,6.324809561348259e-05,-2.918471650805102e-05,5.6816963211112066e-05,6.486013825032899e-05,5.6543075961784996e-05,0.0001237100349264295,7.683252472594812e-05,1.2974868925334514e-05,3.266387311797052e-05,1.2871915920749006e-05,9.424299028304888e-07,1.198216895565886e-05,2.940564395953569e-05,-1.946466938637919e-05,-8.90551874472393e-07,6.376054458645139e-06,-3.041270650724866e-05,-2.6464307192335117e-06
2.5288935589716015,0.6597179363620717,-0.09385259973342794,0.048494709765833095,0.0029803321857198115,-0.030689548726239628,0.005430152726763382,0.0011773806827040678,-0.0009542771424138287,-0.0010842057309419907,0.0005073419530128776,-9.628956553657712e-05,-0.00032969022026703486,1.4109495029931378e-06,0.00031204383505811637,-0.0001977158581601338,1.6302443574879885e-05,-0.00012565193372855425,4.168901002472488e-05,4.643869311618424e-05,0.00010290013903172296,-6.168051546508917e-05,4.58096583319372e-05,7.304412916044575e-05,-6.32145255955871e-05,9.340058770720652e-05,-9.274052029282119e-06,3.690406710593133e-05,6.552822019522043e-05,-2.3822132053708175e-05,-7.991181013332844e-05,4.578892985213108e-05,0.0001480527879382047,-0.0001723527204553357,3.165810971025526e-05,-5.392005965533689e-05,7.25735524232228e-05,4.076333454369919e-05,-1.8813263477418967e-05,-4.2840722425250775e-05,-1.9243147411420227e-05,1.4624894579281933e-05,5.142370420570358e-06,5.005671186033789e-05,-1.2386290841458818e-05,-2.301681084843953e-05,5.942121871494029e-05,-1.1754668553235218e-05,-5.522213471117607e-07,7.319237244712256e-06,-1.9255690354304136e-05
-9.604316006150796,0.13388483359199435,0.10867226151995138,0.07236881784662225,-0.03509602629270753,0.023445902343358666,-0.0011025943985634068,0.006177285253551104,-2.9612333108286662e-05,0.00048568424633869874,-0.001713758078605444,-0.0004342205923051541,-0.00032504814507348115,-5.5004624234610736e-05,0.00016177952028106885,-0.0001620402638276217,-5.8868996137872146e-05,4.136973588351075e-05,0.00015393174738428342,-7.618863228478586e-05,0.00010035617249110254,-5.234852197752931e-05,-4.344686787015737e-06,0.00018420846809728822,6.005778168861521e-05,-0.00019316996515489387,-9.179822375591832e-06,9.75932550881098e-05,-0.00011570658853264546,-3.543803640686301e-05,-2.030700244055116e-05,5.150386084598862e-05,6.433959122374717e-05,2.7445232765746374e-05,-1.834544704472688e-05,9.064925630883003e-05,5.92604573461576e-05,3.586659698567636e-05,5.1770814673498354e-05,4.02533576735531e-05,9.240991212100193e-06,-3.880750414803843e-05,2.490535706640639e-05,-2.3773631535422093e-05,-3.675352359227832e-05,-6.370781743368638e-06,1.7105167768321184e-05,1.965098777733243e-05,1.0802913457266954e-05,4.8733725446915754e-06,6.438766026615565e-07
-3.555235919111327,-0.39823632030457295,0.06745013545350984,0.11399658746701762,0.04342049692121416,0.035523065591156075,0.00963689848730148,0.0032568725911024266,0.0017847671769271362,0.0007500351569157854,-0.0008942666179058488,-0.00038073375306570156,-1.757789188814591e-06,-4.3017169694880955e-05,3.489637360329764e-05,0.00015412851413727316,9.904375375991251e-05,-8.768289847463951e-05,-7.578452312671941e-05,-3.067665090971777e-05,-2.884535490838598e-05,-5.0618005825166754e-05,-0.00023824177365777991,-7.330955078692113e-05,-9.211802775216575e-05,0.000203216545085279,4.415324769563029e-05,9.526570191675596e-06,1.5153235843242322e-05,3.153180475022556e-05,2.21793997684662e-05,5.266723538883807e-05,4.68355029021512e-05,9.02872790191154e-05,-3.9575167439978406e-05,-8.5760181198136e-05,2.3366943436453234e-05,1.4797101440062253e-05,-3.8746614234602984e-05,8.574947863919661e-07,-2.9519271568004192e-05,-3.9251588976050616e-05,-1.6287786361404647e-05,-4.921319361411844e-05,1.0338673134317515e-05,-2.7696711361768428e-05,5.42026196108119e-06,-8.834549903590637e-06,-4.0886699013160934e-05,-3.478988591396267e-05,7.4127589772008325e-06
0.6777851124547185,0.10862232699565791,-0.2582030512677949,-0.0023466471947357964,-0.006220805570909686,0.013389865161541059,-1.1366269483843803e-05,-0.000832768244270334,-0.000561170860490703,0.0006604224794584791,-0.00030749137617364363,0.00015769904218750267,-6.899415871615977e-05,0.00013781817047516648,0.0001993280305542232,-4.823140295554082e-05,-0.0001241049136810709,0.0001609597893051914,-5.688482328352153e-05,5.315806174695121e-05,4.847585892992159e-05,4.451924469064082e-05,7.333916521655624e-05,3.85917778537768e-05,-0.00018795065121127226,-7.243549948343559e-05,9.822742954604295e-06,0.00020936572859419215,9.105924627207794e-05,6.829854225655023e-05,-4.5887485033080414e-05,-2.1645145853383543e-05,-8.766358044637994e-05,4.1180741191238704e-05,-1.3692803721059155e-05,1.6727019504395675e-05,-1.2000693191075858e-05,-0.00011668335047514343,-8.886466205362279e-05,4.321647108151061e-05,5.5316589551969686e-05,-3.238237996746251e-06,-7.527669847166401e-06,4.2816456264912053e-05,3.947642835763803e-05,-1.8055992681985498e-06,2.7906341455773217e-06,4.5729247107945294e-05,-2.363831289869209e-05,-1.1656843297738953e-05,8.57631782516506e-06
-2.725936936401151,-0.5380843643476061,-0.06397204076037444,0.027095480009262197,0.03900499539442114,0.01506783908699689,0.005236972415597671,0.0009946605009719164,0.005426598603491793,0.0005527540358810359,-0.0009086614311721141,0.00032947728397277027,4.084273088541434e-05,6.0452477105207457e-05,-0.00021834844486907405,-0.00014032372098379912,6.0738498247966316e-05,4.350670157673922e-06,3.64659201982083e-05,0.00013998722463379025,0.00010774776598335668,-4.1763742958596954e-05,-5.3788866102758835e-05,0.00016563993352369308,-2.3090212119354194e-05,1.1357674321828596e-05,-0.00018131304885501143,-0.0001363439126063762,5.705976670896849e-05,9.537651634298835e-05,2.0195460150589574e-05,-0.00010003383236154675,-1.0119838686492712e-05,-9.330883267568973e-05,5.398908456351074e-05,-7.317707045733075e-05,9.429628077798786e-05,-6.065622645014327e-06,-1.2675371937114288e-05,0.00010994697423970086,7.735059757211142e-05,5.48270115923453e-05,-4.404925055594365e-05,-2.8083285769434814e-05,-1.9212946302817202e-05,1.1751519243137858e-05,-3.5992721348428225e-05,-1.5785739477806187e-05,-1.4975477685539326e-05,1.9731446245372734e-05,-4.2883798264684335e-06
0.7776337311104049,-0.4781962773651959,-0.10556676392391266,0.02188068355119141,0.003336374486122913,-0.002556387559502835,0.0009124846227664429,-0.005157208795196308,0.0008178605388548017,0.0009544468698737227,-0.0004418625658060203,6.54365436756162e-05,0.0001941864936099268,-0.00011972539246705435,0.00022517108961299883,-5.284887219246704e-05,-0.00017712369427916208,0.00012257486593821005,-0.00027552481878019943,3.068871558292458e-05,-8.146428329484923e-05,0.0001587099426802308,0.00014147127137479373,5.3130306284547754e-05,-0.00012593427338986922,8.418966181376811e-05,8.426396230130613e-05,0.00015322428984202195,-3.2872098044344676e-05,1.4169785067850773e-05,-2.8817662266336153e-07,-5.82359349012987e-05,-4.312234950091136e-05,-6.152988145194958e-05,5.789447445957912e-05,-6.116174893197394e-05,9.260234313380611e-06,2.1353275581790068e-05,-3.0115275946632303e-05,-5.3984228299484145e-05,-5.8239677652894223e-05,-2.412567202976634e-05,8.326887548188741e-05,-5.1383493134720774e-05,-2.8375339988427052e-05,-1.2907206982265315e-05,-4.420951728324559e-05,2.1683478387434222e-05,-3.481076782127955e-06,2.3988277963265416e-05,-1.4383574855996343e-05
5.578893012067115,-1.9163875538430377,-0.3882463315980938,0.04084136326540819,0.014787441164877907,0.005173904933199334,0.0024425016021450354,0.003487512195811887,-0.0025577126604364904,0.00046260176263098076,0.0008914592272301645,0.0004661606117254695,-0.00014512027877090715,-1.5147268151010442e-07,0.00010209396518221976,-0.00018700533540026796,0.0003710612719871742,-0.00013061662045936041,6.567699141931764e-05,-2.9791783475365544e-05,-2.4354407925844197e-05,0.00011296885189908072,-6.71047305584235e-06,0.0001858916728172079,-2.7421870354986352e-05,-3.3680658314877273e-06,-8.936476082255037e-05,8.105744316006045e-05,-2.1157078176659483e-05,0.000196528671810581,1.6193834389610186e-05,9.116708842353854e-05,4.426710857508498e-06,6.503561662231826e-05,-7.321064813721808e-06,-2.073683652191476e-05,-6.965385341510173e-06,-3.06653941746163e-05,5.470341677390292e-05,-6.548219786986112e-05,-2.577557494200225e-05,6.365776227407262e-05,-4.369916620124256e-06,-2.084555785724063e-05,-2.9116650912555352e-05,6.116954924505156e-06,3.499158753519477e-05,1.2005111955308591e-05,3.8011847684435547e-06,-1.4275590268230134e-05,9.39799838670142e-06
-4.160116837070115,0.0872294774748639,-0.14120432144481346,-0.02217586321321277,-0.02111700573647038,0.019775196093016388,0.0037790353230235923,-0.0020458174061653896,0.005662023271686846,0.0006211952154123338,0.0004870601396494241,3.096435770215937e-05,-0.00011977581619872362,-0.00021496816667392768,0.00010034436546999639,5.244416266963286e-06,-9.290192702015543e-05,-0.00010694514369114453,-0.00021720624548975245,-0.00019112693543374962,7.942805691827006e-05,-0.00013896527521475277,0.00011641991644444492,-0.0001378138607216103,0.00027916457849345647,-0.00014305731392388408,-4.9107115073412695e-05,6.35631816197142e-05,3.617764259765558e-05,3.585286194176658e-05,-6.041972725418577e-05,3.234473649196224e-05,-1.0371790691958686e-05,-1.9435674421294243e-06,3.566142046590566e-05,-0.00020765569877834872,-8.546628150041179e-06,-6.505467385986356e-05,1.410451705378641e-05,-2.0127427656992466e-05,3.9277696371036515e-05,-4.088213237501294e-05,-3.280032973154251e-05,-1.9114492100180484e-05,-7.53088363839247e-06,-7.541781151381827e-06,8.905309486669026e-06,-1.9513639829353844e-05,6.9583217170481266e-06,-1.826517262479961e-06,1.9581580215052945e-05
-6.077616005679519,-0.2802166952292182,-0.16682185708798603,-0.02172164954951725,-0.0255165024942092,0.015255149346054547,-0.006530966973570116,-0.0010203061985081426,0.004162220844475795,0.001075585084689259,9.986742822297205e-05,-6.446361233089566e-06,-0.00020590375346913649,-0.00017973360761910513,-0.0002470958403083534,-0.00023989425607997593,2.3921603834031923e-05,0.00013313447170943798,0.00016249209236065317,1.079423651274928e-05,4.855770865128574e-05,-5.435641260821805e-05,1.2261128211146777e-05,-1.2116656395764737e-05,-0.00013317967725476812,0.0001076955845755333,0.00013137386450277075,-0.00010934903559021721,6.781620547519192e-05,-3.167217868315184e-05,5.223341944836675e-06,-0.0001035892648827128,3.253210116086032e-05,-1.0554575526510461e-06,0.00014727784773005615,3.065573125106071e-05,9.854435467632989e-05,-1.5908305205354447e-06,-1.9076401868424217e-05,-6.087444110230163e-05,-3.762172870994258e-05,-2.0105950601871194e-05,1.919994432302584e-05,-3.148793039754683e-05,3.98016187579545e-06,-6.043924674591134e-05,9.78052118560013e-06,1.719940448743053e-05,-1.0310594986028346e-06,-7.192912149178578e-06,2.1035985194478957e-05
2.0134520143691597,1.005434736383538,-0.23669401841392,0.0023234400545041212,-0.04581611588584012,0.0006346210248007776,-0.005192027803491884,0.0007844996980761179,0.0031638475140897517,3.0199932930759033e-05,-0.00012462134589820363,-6.04662034802951e-05,2.9198946061612555e-05,0.00020250187674993579,7.733121625517476e-05,4.127721303881911e-05,-0.00018492439757085327,-6.542314363451994e-05,0.00011810193514538775,-2.6625281883667595e-05,-0.0001300839039373112,0.00012920047792983264,3.973273849358337e-05,0.00017881275748721427,0.00013705676565418451,0.00014409946538899843,-8.789866659311167e-05,-6.110278409893725e-05,0.00017558079353291318,-8.303822586588046e-05,-3.228218570861254e-07,0.00016846351387331544,-6.3693024893682e-05,-9.185141337000434e-06,1.1608898716649822e-05,-6.517003659880037e-05,-5.608404238606499e-05,2.9696404594368992e-05,4.3425168680725195e-05,1.520422293531741e-05,3.3964610255447646e-06,-6.707834294310261e-06,5.959570851540301e-05,1.2146755713570732e-05,5.426074525751845e-05,-7.240743195151787e-06,9.318826455404205e-06,1.3027200832518676e-05,1.7283329784831156e-06,-2.371042081310831e-05,3.6694180724847717e-05
7.609578176937607,0.0025565377157021688,-0.06579473153096027,0.09392914438040782,0.08609570652141164,0.003717624307914178,0.006826648271059994,0.0014729743813382736,0.0027058232570729077,0.0002614480249952276,-0.00017323706001672062,5.793077450154434e-05,0.00014457845073794314,-0.00010817021409014583,-4.6300658375446975e-05,-3.0750600603491286e-05,-0.00010272341624484211,0.0001418848500717808,0.00015518342737471248,0.00011320308236977901,8.264866812219765e-05,7.954606639062592e-05,-0.00011990179386991606,5.278308931520766e-06,0.0002143818559246735,5.7932202586004545e-05,-4.428210282509471e-06,0.00012312162124565127,-1.7575658633066438e-05,3.932119522382903e-05,-0.00012136127058152495,-6.683772904936393e-05,3.205717803135825e-05,-6.085962507428485e-05,-0.0001013789920468935,9.204728002837195e-05,-7.697508204639033e-05,-6.002108408921877e-05,-1.2441425836285737e-05,5.065212565453449e-05,-7.069185050043992e-05,5.627172747360129e-06,1.379505933131937e-05,-3.154601374154715e-05,5.1222100455282254e-05,-4.969450901926002e-05,-1.3872450025746388e-05,-1.1926919789880303e-05,5.292506978421665e-05,-4.674530847266498e-06,3.044320397190335e-06
-2.4733101153211967,1.2899191243652928,-0.049161236134920155,0.01251373673580249,-0.022578748127855635,0.0012949629618428885,-0.01024576710865059,-0.0004126539063674993,0.0014813365704511071,3.557543367973498e-05,-0.0012557352181425852,0.00030917385537492843,0.00014067496199158248,-0.00016766310092907626,-0.00011792146514472413,-8.642599329349723e-05,-0.00015832621278481998,0.00013566396685810948,-3.2454026445548115e-05,-0.00010290074615983251,-4.616741266421044e-07,3.6349180498962416e-05,2.4510262247481927e-05,2.791608144988923e-05,8.62383719617761e-05,6.687111503044765e-05,-0.00011459410776163605,-0.00010650525150488286,-1.0482872974737483e-05,0.00012802553136745273,6.984517655367022e-06,5.427057814150438e-05,6.967360859820866e-05,0.00014513225135468548,9.765826924418707e-06,-1.1012082811300312e-05,-5.150097507136901e-05,-1.2142015596186671e-06,1.4301637044305442e-05,-5.2604071622448206e-05,2.3868260975483024e-05,1.0236454713137244e-05,2.6216489671285912e-05,-2.395233635202885e-05,4.1699148617591014e-05,6.944587357020998e-05,5.015970975447035e-05,8.036147340695361e-07,-1.237701575832268e-05,2.0992487962998948e-05,-3.861808167406061e-05
2.016273993769128,0.1554998608604888,-0.24278638675953737,0.03439931494592615,0.011139296329424666,-0.004457738714749471,-0.0057066361414501105,0.0013710601828920024,-0.001072929895481271,-0.0003736800604400351,-0.000273739272478888,-0.00024384409379849743,0.00038791348660316427,-0.00014144632976556087,0.00011871614327589078,0.00018328662302858527,-0.00014833925206575812,-0.00010315412518672891,-0.0001569815744124004,0.00012280907335616685,-0.0002056819005417059,0.0001343612688205655,-2.4322994205395055e-05,0.0002054509421074856,3.811158404229481e-05,-3.499380967652883e-05,-1.4095100005129404e-05,-5.5326358366091697e-05,-7.808672163422453e-05,-0.00015030643629541314,8.637252908319084e-07,-6.9994646960296e-05,0.00010020597689330812,0.0001059442207484045,0.00011037303174157388,-2.5319351785498097e-05,7.799746484543011e-05,-1.8328138217574435e-07,-1.1317748351343049e-05,-8.397676434954063e-06,-7.417951577877663e-05,2.6750901467385148e-05,-0.00010929350469391063,5.717425995288331e-05,-1.1556799823432315e-05,-1.760583215549567e-05,-1.4987022278107334e-06,-9.774541753797227e-06,-6.080720490589427e-07,-2.362336657462888e-06,6.641675492825025e-06
4.78343656483657,0.37479012541524437,-0.22565177681533252,0.055338084235914915,-0.0037886075845513954,-0.008075588670104897,-0.0012700282677623636,0.006574986834777696,-0.004150462176698358,0.0009090241905948298,3.2994290870238875e-05,-0.00018490528875218473,3.318350187470058e-05,0.0002219055554025173,-0.00021493666940028308,0.00015264491471093762,-8.297011057868252e-05,0.00016833800603539603,-6.970483441134072e-05,-0.00011431821765784723,-4.4047398404357675e-05,-9.340850213744475e-05,-0.00011506262961658964,2.46600237123271e-05,-4.6369570837138805e-05,6.422738601883644e-07,-6.62076472507941e-06,3.249123681148208e-05,0.00010504770711847213,-7.75036455535972e-05,4.9483357303880385e-05,0.00010463836376669004,0.0001006117319272023,-8.501361628983357e-05,-0.00010227904460503812,-2.0290928274882475e-05,1.1894217384937037e-05,-0.00013897730887886783,3.482045757571886e-05,-4.193328507131404e-07,3.60113777752501e-05,1.0607601977548779e-05,2.1807231648185725e-06,5.290136467237969e-05,-5.113808709184993e-05,-1.6662075456425732e-05,-2.6716044506485902e-05,7.881600066054688e-06,-7.245834775668646e-06,1.6889846924856462e-05,-5.872519974107998e-06
4.552253987098687,0.17435279900368053,-0.1451571432957414,0.03211386166456455,0.03363230466163825,0.010076868575267784,0.0006189755650849438,0.0012595774928921095,0.0006334594110521296,-0.00015219330361187637,0.0011026903101297916,0.00039731890159362833,-6.199991547953562e-05,0.00019392602431495882,-5.8578622926737015e-06,1.2801240222230122e-08,2.436899700670888e-05,6.366133115508465e-05,-4.423684167004859e-05,0.00024275006598930307,7.390438227905478e-06,-0.00010394756751156549,-3.359188540183041e-05,0.00015246074240428747,-3.0505750709133932e-05,-0.00018347272338687488,8.171581566406423e-05,-4.379186671458643e-05,-8.335815418577959e-05,-0.00013465904849311737,8.68402360063772e-05,-9.762042250605434e-05,2.3569854033699453e-05,-2.808547161781806e-05,-6.115491813045952e-05,-2.7196264990508627e-05,-1.6510287668969018e-05,-4.9550722375335335e-05,3.5245395399743775e-05,-5.2614169119541e-05,-2.5811535413476556e-05,-6.945329437609381e-05,-2.358451573134264e-05,-7.106349501933907e-05,7.58710946366034e-05,6.709219559221682e-05,1.4593889550853841e-05,-1.1008602420493116e-06,-1.2431622683275166e-05,-3.119499016102681e-05,-4.4068337266285125e-06
7.10976294813038,0.08213895888146464,-0.31662502202151427,0.044468754705012714,-0.018684087594017157,-0.0077307524866349715,-0.006358849481426008,-0.0017161722304621417,-0.0024289622045187862,0.0005233460432737329,0.00033795377295774614,-0.00021838676515910734,-0.0002581461091438336,0.0001751358908998128,0.00014921526299690457,2.6906269023312355e-05,5.872724411002831e-05,-6.760773690670351e-05,-0.00010879874287261939,0.0001470291180866586,-0.00018877795093898925,-0.00017919072029918463,6.449608202408888e-06,0.00013193658883785486,0.0001742631325309261,1.6028120257643954e-05,0.00014744103993831681,-1.8694478667928984e-05,0.00013227046484484356,0.00016521519046173563,5.579392046438686e-05,-9.026810535854622e-06,-1.3087807230040084e-05,-3.798931080145414e-06,6.071594708045604e-06,4.982478406334659e-05,7.274479836416767e-05,-1.4205930158776596e-05,-9.005323869087307e-05,4.456225684156104e-06,1.4734808969988653e-05,-1.3243360109954751e-05,9.053939124269969e-06,3.1970758732990296e-06,4.9125881051999805e-05,1.0225346230405275e-05,-2.15239233256907e-05,-2.6879904985327665e-05,9.786484117110026e-06,3.209394306195501e-05,-1.486643507077528e-05
2.0379293366119073,0.5638612652191393,-0.10963381562149101,0.04674934443233703,0.040635203724363196,0.0059973654151270605,0.002768306169162909,0.0007841168224056664,0.002127786667363994,0.0005548673508922794,-6.649341221359432e-05,0.00017442549727564953,6.263323779490347e-05,0.00016746035883322604,0.00010900555410514643,0.00036212821046709007,-0.00016431321205861337,8.929652877358779e-06,0.00011002139996016457,-6.234050387036308e-05,9.984329443605944e-05,-0.0002900264411224754,-3.369548969730859e-05,-0.0001480855432896604,-3.4268448518052476e-05,-0.00010589422072394712,4.2198769907359096e-05,-3.026358851392934e-05,3.121634509625237e-05,6.521263682798805e-05,-0.00012149010682006072,-2.29093168747455e-05,-8.636499493568804e-05,-3.3972428528159476e-05,0.0001722930820144082,5.074172204277603e-05,-4.0842637211357735e-06,-5.8721468920274385e-05,0.00013371899624682173,-3.5614122985851376e-05,-8.493040714696099e-05,5.938105602058956e-05,-1.2977612804929037e-05,5.449913801594819e-06,-1.5071919458385394e-05,7.332000944605624e-06,1.431843405083841e-05,1.109234115326324e-05,-7.157452630329291e-06,-1.8531895709023912e-06,-1.41756123189616e-05
14.042375934062692,-0.4244637225747571,0.525198001386995,-0.11285634227272397,-0.014284563777219692,-0.015773461589257486,0.011741211847750418,0.0031962435358379076,-0.0020982547233911494,0.0005241418830972904,-0.00014792306331655886,0.0005289977836976282,0.0003025810101108888,7.387250381877579e-05,-0.00011999969403904501,4.007824971226272e-05,-0.00017176507139743602,-0.00018955316415900303,-9.641594231040147e-06,-0.0001375264163910542,0.00015854108148321926,5.840430161118227e-05,7.751403643863175e-06,0.00010833666435342744,7.776057972426096e-05,4.0769586540544015e-05,0.00014702083841949115,-1.9894804870620723e-05,-6.725806938552899e-05,2.565164522600313e-06,2.145628012650069e-06,-8.121261081634334e-05,6.143817594839576e-05,9.547668807427809e-06,0.00010147839158014307,-9.446226623612943e-06,3.037355200536495e-05,-3.383497201199335e-05,-6.335092059252225e-05,-2.1847091362420707e-05,9.723733829950608e-05,3.3623427131552986e-05,5.097625295972863e-05,3.077339495993211e-05,1.8883980387207965e-05,-1.5291184253187574e-05,1.7001048779434768e-05,-2.270992406140661e-06,2.038591410469494e-05,-2.4449169259005177e-05,-8.269725552508778e-07
3.2386502893547293,3.2435305512974537,0.05001697372024035,-0.08001733591881305,-0.013583926765850598,0.0014446724653636948,0.010509283492881253,-0.002777847990243299,-0.0003170210398307796,-0.00021475831690487862,0.00021685383656630175,0.00011636392847190957,-0.00014853800360818532,-1.5640639256190404e-05,5.011388175260989e-05,-6.420674919288182e-05,0.00014377420308423793,-4.268280878738762e-06,-3.32718934410504e-05,-5.9225319152722455e-05,-4.448614961316609e-05,-3.577846213845261e-05,-5.8828416598959865e-05,4.337704086298152e-05,-4.567081784652826e-05,-7.375528100979768e-05,5.4722430014771094e-05,-7.092681687571965e-05,-5.964576454480344e-05,4.742477767094359e-05,1.733550206133148e-05,-1.4548462931867216e-05,-2.7877606745717536e-05,1.3797367507716842e-05,-2.4998859410847375e-05,-1.3968815615106526e-05,-6.430438260207239e-06,2.533007243251364e-05,9.521569974657166e-06,3.059070240983777e-05,-2.4994960609622983e-05,6.38315258541658e-06,8.315990187771379e-06,2.949395389199779e-06,-1.6203279933442695e-05,-1.1876805665079785e-05,-2.1682052381897627e-05,1.628705238502427e-05,7.707032777305312e-07,1.6393723900306676e-06,8.016788897888261e-06
3.2386502893547293,3.2435305512974537,0.050016973720243094,-0.08001733591881816,-0.013583926765881289,0.0014446724652937115,0.01050928349303964,-0.00277784799062194,-0.00031702103925342783,-0.00021475831603338428,0.00021685383644373042,0.00011636392916084119,-0.00014853801146978436,-1.5640644889996133e-05,5.011387375040541e-05,-6.42067594515692e-05,0.00014377421667506038,-4.268289093282789e-06,-3.327187430219915e-05,-5.922531294523586e-05,-4.448616457439224e-05,-3.577847662698385e-05,-5.882841824460007e-05,4.3377042951983165e-05,-4.5670790821624035e-05,-7.375528022292905e-05,5.4722445740735e-05,-7.092683269229594e-05,-5.964578104037166e-05,4.74247597321156e-05,1.7335494488009034e-05,-1.4548439873448211e-05,-2.7877617253392805e-05,1.3797367795120504e-05,-2.4998844095187854e-05,-1.396884483858496e-05,-6.430442065258804e-06,2.5330121125227466e-05,9.521608940442532e-06,3.0590756175495847e-05,-2.4994981318907046e-05,6.383096759289174e-06,8.315939297873535e-06,2.9494233571457337e-06,-1.6203288723489724e-05,-1.1876834579668858e-05,-2.1682074105335407e-05,1.6287088056819393e-05,7.705542791788255e-07,1.6395208918399645e-06,8.016764152787424e-06
5.100444674361539,-0.6130144315886568,0.357573725655837,0.052031973654011535,0.08159543695786074,-0.05344756176380507,0.00868482961104646,-0.0003947187143566134,0.004174309789506604,-0.0004856641812885726,-0.0006345492668839419,5.697055869344562e-05,-0.0003817403358285702,0.00021916127170855512,5.0637760750854886e-05,6.877946384648897e-05,-7.779457653361974e-05,0.0001027740357286566,-1.5596523963526905e-05,-2.1133279101045114e-05,-4.9260244379638466e-05,2.3033527727480182e-06,-2.81997330928635e-05,-0.00014272243775842304,-9.728777666688908e-05,-2.7515918955731697e-05,-5.098914206647276e-05,-7.655704316244045e-05,-2.910726501443358e-05,6.865284520822587e-05,3.850313932712279e-05,4.263456521588058e-05,9.950147288386459e-05,9.828422859479939e-05,-2.04911894959861e-05,-6.028879929249577e-05,-5.9326970386242776e-05,5.0346462782649755e-05,-6.86541023289689e-05,4.908649178606535e-06,-1.5232610217591795e-05,4.4457084999681506e-05,-1.5776718468148713e-05,3.0257056670772155e-05,4.516621239271372e-05,-2.078789826797335e-05,-1.5204863844502233e-05,1.9423878692865933e-05,-1.884982866702443e-05,6.5981796561446805e-06,4.065703230359479e-06
-6.443134938269379,1.0381447739876069,0.17240040033476806,-0.044743550636585444,0.030246185106956057,-0.009524467790930843,0.005304599648366602,0.0037347153647415672,-0.0036844575615604157,4.058524797425063e-05,0.0003535675910329778,-0.00020593773042048324,-1.1134014257889424e-05,-9.123653844022313e-05,0.00015718477943115953,5.7343291940692876e-05,-0.00010798854787908151,9.127817140754137e-05,-6.774197345142983e-05,9.311228967161308e-06,0.00021875487859102942,0.00014305188710028843,5.076895492727504e-05,-2.5300892337873353e-06,-8.89292153120127e-05,0.00010926410929642495,-0.00019441806085998493,-0.0001758670075562863,6.019621753488138e-06,-9.281252336095158e-06,5.407054076454225e-05,2.5615659739709957e-05,9.39528317717334e-06,-5.5976244657476035e-05,-5.201116743789879e-05,-7.628050030372836e-05,6.513066227256042e-05,-4.817871289637098e-05,-1.7356599463202766e-05,2.1415599550550476e-05,-7.505005980266985e-05,-2.297746771649612e-05,3.084794032740365e-05,-3.097745186144884e-05,1.5952461930216277e-06,2.12605549786911e-05,-2.202281798205351e-06,-2.4851688974870035e-05,2.6842880820611918e-05,-1.74200936681077e-05,-1.6739133077079606e-05
5.71333951922696,-0.33267266306295434,0.46902093203089396,-0.03279194968493388,-0.05510441685814722,-0.04409268555500765,0.010976012644296219,0.0026277644356965694,0.0048798626370820854,-0.0003819257351021631,-0.0004338840336837557,0.0001890248807766468,0.00017540417915631447,0.00011123448710998566,-0.00011641987372789406,-0.00019694101110043897,-7.1139106244034776e-06,9.85285403182261e-05,7.465107216658416e-05,0.00017207706489246556,-0.0001485808155971755,-0.000196014322548005,-3.5999613012503645e-05,-6.999335696617036e-05,-2.754027558937742e-05,2.5020571418093724e-05,-4.375301130061027e-06,4.41029693333374e-05,-8.050794748038969e-05,-5.824856879408055e-05,5.3889546094000896e-05,8.190478797393127e-05,-4.199193376698096e-05,7.785969666434172e-05,-4.017413936182677e-05,-6.068045771916872e-06,7.132176467115561e-05,-8.963472644842411e-05,-1.167780109343417e-05,-9.47047080844651e-05,-2.6300309309001686e-05,-5.024595348766562e-05,3.7098655514429084e-05,1.8326535952414932e-05,-4.131849975395597e-05,1.6836120337396558e-05,8.162034372623225e-06,-2.898206278299549e-05,1.1996099436311348e-05,2.4908475538029455e-05,1.920269682494276e-05
-4.403325128152142,-0.024920474444667735,0.0653850143278176,-0.04731984818354481,0.027149668651962253,-0.04169646057060673,0.005930035112419487,-0.004694844676561906,-0.0010586847223248823,-0.0008031007237767107,-0.000747381341533235,-0.00010294795560066762,9.339915876076132e-05,-5.171395504895787e-05,1.5755173016396292e-05,-0.00010332726736702886,-6.568165090020789e-05,-0.000213797580861324,-0.00019554217679117796,-9.831547126939911e-05,2.2151247477428597e-05,8.690418513699427e-05,-0.00018824755606371173,0.00015561338260924187,-0.00014944490630577366,6.800701858004878e-05,5.936167015082175e-05,-5.373979043369993e-05,8.909283824219262e-05,5.5587866281078204e-05,-1.4508725722170772e-05,-6.685910246922116e-06,-1.2728210767014517e-05,-8.74899755946173e-05,3.9369264791034993e-05,0.00011591512055452715,-0.00011862887134681944,-6.852540125680621e-05,8.669585345237137e-05,-1.0997818357055628e-05,6.842173558232492e-05,-7.762614157463145e-05,-5.9480657278564095e-05,-3.304073199820273e-05,-1.693779281672955e-05,1.3537267348062014e-05,5.009281406977681e-06,-1.910823147176493e-05,1.0485259173532431e-06,8.430494010318283e-06,1.69277648855972e-05
-14.96741561151802,0.3558292787850346,0.13041109805292245,-0.04173473105282946,0.06068887173428461,0.01312717218807491,0.002615274213783698,0.004464619044260336,-0.0007391442187341295,-9.076096246899196e-05,-0.00034423330590977456,0.00011282479226847922,3.398118579817236e-05,3.002238703416841e-05,6.898981681244618e-05,0.00019271366636907007,0.00019621067596409627,-0.00011492984116137925,6.197447971416012e-05,-2.757102923307633e-05,-4.572433032551269e-05,9.07706681404361e-05,-2.6061309401214698e-05,-6.0271177897870845e-05,7.855187068558072e-05,-3.1497983194179514e-05,0.0001513650172212596,3.53522489655526e-05,3.380944082555475e-05,-4.9254860232507866e-05,5.313895210476447e-05,4.8009453487549006e-05,-1.0247309930548994e-05,-3.907096981360255e-07,5.271509364184386e-05,2.0535157064052535e-05,1.7453144768147252e-05,4.750413331269884e-06,-4.920140346141221e-05,-2.039867252342391e-05,3.120617662811563e-05,-1.5003408851532745e-06,9.385098675480148e-06,-1.732511825466137e-05,1.6900612280209305e-05,7.270297447354496e-06,-3.047988612792853e-06,1.3985632716221414e-05,1.2425943008694151e-05,1.34964768691364e-05,-7.214904283318539e-06
-6.642594982015097,-0.40731410791398104,0.07715273973631213,-0.05369080985212148,0.09909808422661648,-0.006916379263992346,0.006098907668822411,-0.0076870710486194,-0.0009227372332122508,0.0008738723610335676,-0.0002940517238780849,0.0001490213022156233,0.00010500053574286795,8.858389553070431e-05,-4.428681328946385e-05,-8.303413248616165e-05,5.3963004133938504e-05,-0.00011756440142283082,-7.853207070670492e-06,0.00010291666735977237,-0.00019378176922483915,9.711439031392168e-05,0.00022033044249382874,1.3876322151179167e-05,4.906548710722104e-05,-8.292787818827666e-05,-2.3844552801661347e-05,-7.37843002963603e-05,1.1764145048847509e-05,-5.653009447436521e-06,-0.0001736542663318627,0.00010924176863970975,2.696856210514158e-05,0.00010968512033011151,-4.7709450612363145e-05,5.866599732298445e-05,3.288562165339144e-05,-7.094891709277447e-05,1.2407054321459543e-05,4.3354205263349515e-05,-5.416302185692801e-05,2.2539937156490952e-05,1.2722723191854474e-05,-4.9580874519965515e-06,-5.098881434991163e-05,7.1578218461870775e-06,-3.720785991279876e-06,-1.3764509828414438e-05,4.303620656051293e-06,-6.375771619294861e-07,2.0949295269241856e-06
7.642988897405332,-1.3224513943334533,0.4129117086383426,-0.1997083158913946,-0.07305208347648465,-0.03414994522091615,-0.0018920353269913112,0.0021377867833969485,-0.0009896393336344298,0.0006536422562728323,0.00031503914567479994,8.142669242277416e-05,-0.0003322289668225884,-2.583407053991827e-05,4.4853087821527705e-05,-7.183616390744923e-05,7.34817861599393e-05,8.36272444005148e-05,-0.00011380654152758238,1.9551689487645434e-05,-7.652212628866352e-05,5.0668879505744373e-05,-9.00662099165966e-05,-7.985729297235673e-05,0.00020385679669303216,-1.3091255561471137e-05,-0.00013416326861878685,-0.00012818273417014044,0.00012929882417307272,-7.562977957061739e-05,-6.247529567645157e-06,-1.8789491136729928e-05,-3.7290196757301434e-05,-8.075774163833205e-06,1.2919124629298409e-05,2.85290069768184e-05,-1.2075611532933002e-05,1.8239084666848647e-06,3.5428962473223244e-09,8.066980484404605e-06,-4.1844109514126074e-05,-7.141799096660574e-06,-7.012619126819303e-05,-4.002886837109692e-05,2.303666164213967e-06,-4.335105796595672e-05,-2.36755113267248e-06,6.15749782121067e-05,7.0991836821479085e-06,1.950815446350103e-06,-1.8320889863564648e-05
2.4961221624415653,-0.5373492545885425,0.1442890731751057,0.019348686258328834,0.08111140525589036,-0.010424761106966609,-0.006939162568047973,0.005526404242042364,0.0019042139031437272,-0.001298245013889426,0.0009580181694055465,-4.626246546170204e-05,5.33353680146874e-05,-5.915535384623814e-05,2.488360774842441e-05,7.546510596609572e-05,-0.0001653932028776862,-0.00012405245058870983,-0.00012640128021100232,-0.00013845247172856732,-0.0001497319353635008,-0.00013400184044169683,0.00015857926846892388,-4.8264661864930434e-05,-2.8847871516436116e-05,-2.0559750212413043e-05,-9.377177834579403e-05,-1.4583951588965269e-06,1.189043104226922e-05,5.700944206725083e-07,9.4016501912562e-07,1.3062091173181561e-05,2.3043007937698963e-05,-5.329222652127849e-05,-8.433216028691578e-05,7.27319435603328e-05,7.406127140599583e-05,7.338849300229105e-05,4.714870298656813e-05,-3.3865397502601834e-05,5.693323670055284e-05,1.6746515516926482e-05,2.0619605246231565e-05,-8.604549410087224e-05,6.1620084771669415e-06,-1.572228558650913e-05,-3.4166054613750044e-05,7.116355568622701e-06,-8.688082179158957e-06,2.309138802404643e-05,1.4389342042088874e-05
-2.4223845257976575,-0.03894941444020432,0.47928415280628883,-0.03376098966597424,-0.03000375966799702,-0.01756753553796504,-0.006133936757303589,0.0003334318754061059,-0.004584669852724223,0.0006140722715393379,0.0008446218868565915,-0.0002645750445319906,-0.0001714763978590962,-0.0003611283616052391,0.00016614744594366888,0.00013736069543571943,9.579982635210025e-05,0.00014187590319601488,0.00011324031057034338,0.00013334414146512466,0.00021718914264365463,6.153551860399239e-05,1.5386911365598024e-05,-8.222513608330235e-05,-2.1535496346180922e-05,-6.972562327392648e-05,-3.6918371973710387e-05,2.4051779185261855e-05,0.00010815203900671469,4.54590968776401e-05,-4.487505537898017e-05,-1.958405477419211e-05,0.00011562304732855998,7.572879713604094e-05,7.199957913223414e-05,4.162122357380128e-05,-5.0000497850113435e-06,-5.469989972917861e-05,-6.210188195973707e-06,1.0713002375306612e-05,5.0013555211486255e-06,-3.003786575765938e-06,1.0801290202819927e-05,1.334993989890252e-05,3.063960300688532e-05,5.012634574504273e-05,-3.052592183164936e-05,-4.038173766134193e-05,-1.815535659565424e-05,2.059180835667699e-05,3.4311713713020525e-05
-6.831491279133632,-0.36105244232161426,0.8259483685571726,0.2926909736705973,-0.0278291949033532,-0.011230693788843903,-0.004501006196188734,-0.002654924431806834,-0.003770534621427863,0.0014311685988823617,7.047820586231564e-05,-3.8502140857977624e-05,-0.0003005799916043721,7.245467445664234e-05,-0.00015105804067527728,6.194498207617786e-05,1.7428562529008065e-05,1.0512452538556574e-05,-9.884919806057341e-05,-3.777748555381024e-05,-3.1480560670543145e-05,7.142458109069252e-05,8.632415814529917e-05,4.5396006491853086e-05,3.0664744252227924e-05,9.130748919469457e-05,0.00018367808896194735,-8.133286331150269e-05,5.645075144848995e-06,1.7812908797094472e-05,2.475188274984858e-05,-6.62791986158554e-05,-0.00015787553219971984,-1.5091502940228345e-05,-6.297386170973388e-05,-5.951003585413405e-05,-1.996943518543852e-05,5.02761381864362e-06,7.514338629660447e-05,1.6561911932832365e-05,-2.1077621395897735e-05,3.7424965140353734e-06,-2.4368147711307532e-05,2.2800924004401152e-05,1.2233436475578477e-06,-9.871521196076402e-06,4.373548092455636e-05,-8.991447656365606e-06,1.1010216250643834e-05,1.3555471532633726e-05,7.057315842405714e-08
-9.306925640794077,-0.8488466515979151,-0.18478485200230546,-0.1203832577398073,-0.02423848431514408,-0.015495958928515574,-0.0064666221576251785,-0.000834312459884646,0.0037810200051776686,-0.00034439695618729364,0.00021502162256150894,8.347855393315137e-05,-5.0321467977692515e-05,0.000195704287730063,9.149506981943402e-06,0.00024144869735859801,0.00015341946797170483,3.643673894791161e-05,-2.7802625615468636e-05,-6.124624326680178e-05,6.584981748892519e-05,-6.542401807451495e-05,4.038754827718166e-05,6.4794815695048e-05,-9.59205999094103e-05,0.00012269902532004384,-2.8326991861022313e-05,4.092970543944221e-05,-2.211347842826288e-05,-3.6982310261997774e-05,3.933912599700248e-05,-3.451368947504144e-05,3.4713476980925695e-05,2.063736438180747e-05,6.160343795483842e-06,-9.205639061506515e-06,-8.896245032373764e-05,-1.5079028696221911e-05,3.2127725233620163e-06,3.854645487925511e-05,-3.273340315572765e-05,-2.3555453622375866e-06,2.08419499304263e-05,1.1690484247453541e-06,-1.6493561459619926e-05,2.514294757166782e-07,7.482271377802651e-06,-9.525708193339788e-06,1.8754620641798405e-05,8.819570579050978e-06,-2.4239785225816345e-06
-11.555629902294328,-0.2190806044049865,0.2535464509951226,-0.09890653884352772,0.0004348358858560809,-0.009075589897304993,0.00229864849197962,0.0010220744780115574,-0.0010691982043214857,-0.0006352852496141748,1.3324787958748276e-05,-0.0002323235815975908,0.0003743497841078227,0.00010211274956840931,2.0153712602253503e-05,-8.028230397341465e-05,8.171340965744997e-05,0.00017222346280210715,-0.00019632426002165603,-2.2921063953802896e-05,0.00016256981617426462,-9.844031884986712e-05,2.322493926769596e-05,9.392088095538368e-05,7.789973796184618e-05,8.94992312386502e-05,-4.4343221644315476e-07,-6.882896456990291e-06,-2.6135152196599995e-05,2.1189638874634975e-05,-0.00010728137008547678,3.755266757705262e-05,-0.00015126004917205563,-6.420769429580661e-05,-6.704947792913536e-05,0.00010239593514547158,5.792340740979642e-05,7.369743886940274e-05,-1.2611393853799043e-05,-5.637131303536957e-05,-3.059513306089263e-05,9.181837788273387e-05,-2.5154684370047104e-06,2.315508993909313e-05,4.8979857596172096e-05,7.190336607069855e-06,6.166106840656595e-06,-1.0707979074681852e-05,-3.862431624508605e-05,-1.608923021524128e-05,1.3371350913286277e-05
0.7814234375190683,-0.047141947065615274,-0.20716732920774883,-0.011736014206555987,-0.027038631930515047,0.029089970138083152,-0.0007027570694713387,-0.0023338477085264923,-0.003509506591691112,-0.0009387809704917908,-0.0009326406697540591,-0.0001046788091115559,-0.0001720782242818177,-3.881194724840865e-05,-0.00012755174800326374,-5.448158719667015e-05,7.830673041242557e-06,-0.0001640598965350421,0.0001413906038813596,0.00013079879356831442,6.650244329758917e-05,-8.40395005033433e-05,5.757530936672846e-05,2.0155949380578753e-05,-0.00019688411451527834,-4.644328620237767e-05,2.148555442789262e-05,-4.125741297611838e-05,7.828715928898126e-05,-0.0001637864704705724,-9.660515951030368e-05,-4.253611904606275e-06,-4.4423360509022515e-05,7.539106170256334e-05,-5.456359515703731e-05,-0.0001151261994907239,-5.207899275332244e-05,2.8392507687363437e-05,4.22849704057104e-05,-6.515589621936024e-05,3.407678015913222e-05,8.806546762284418e-05,-2.0791206311783577e-06,-1.5431002727094546e-05,6.288512627900389e-05,-2.8536004880410603e-05,-3.5846222852552664e-05,-1.6122373421020335e-05,3.4057727888937366e-05,2.466729382244972e-05,-2.3938272888674644e-06
5.814511454597111,-0.7150924228906317,0.41567379272920146,-0.13296232900486446,0.05116594894976277,0.11471010893162602,-0.0008048373367365122,-0.0020877937114268563,-0.005176428500478322,-0.0019212402533754743,-0.0008134459327047912,0.00014453497119911823,-0.0001109874392117218,0.00015611850088915463,9.675243774769814e-05,-0.00018952836280089217,-7.820910224793116e-05,0.0002557535956204326,-1.364213089044531e-05,-2.5865907977096742e-05,-0.00012902172165239244,-4.712301305531452e-05,0.00010407567799116193,-6.244368632378814e-05,3.664668191988566e-05,7.060747296350711e-05,7.139381110844466e-06,4.402328729291449e-05,5.558155916546949e-05,-2.118408443664517e-05,0.00014875293544654066,2.183397487443929e-05,1.3380665067246132e-05,-4.230564293344963e-05,6.98992528832994e-05,1.1249201573467376e-06,-3.7287830335034857e-06,-2.5098000113828247e-05,4.608084960214499e-05,3.560279865530639e-05,-2.1191364687592934e-05,3.039957643087514e-06,-2.815462999348211e-05,1.2340672785381612e-05,-9.625121092850594e-06,6.9007908672406404e-06,1.6651552988782573e-05,-1.9110902160061887e-05,2.291526652785711e-06,-3.898200006998395e-06,6.292450055267975e-06
5.7425110650063225,-1.0152414205481215,-0.15865412516534283,-0.024232837423928618,-0.048894643042947536,0.041585139334520974,0.012118595231169012,-0.006017815963608799,-0.00479314122090505,1.4871253517019959e-05,-0.0009634858066196673,-0.0003423852890923757,-0.00010644819184141302,3.61237435730533e-05,-2.0719337107380733e-05,0.0001749972273678088,6.623882386386112e-05,-0.0001930366799724716,-5.9770640196829975e-05,-9.424333623675674e-05,2.4392289263909046e-05,-0.00011173409893930704,-4.777533197845555e-05,-7.296309895902687e-05,2.7157448460265977e-05,-4.4751854070831086e-05,-0.00022560569018037903,1.4969914006589329e-05,-0.00010101919696496952,7.67043064732686e-06,-4.291596932268199e-05,-0.00011086582494084573,-1.6340126917411662e-05,-4.1121147354990624e-05,-6.41654156128874e-05,3.6567873332500966e-05,-2.7787472841699267e-05,4.5779739858557566e-06,-9.814937905246151e-05,-5.564535420709615e-05,-1.614131376704956e-05,-3.942656512650993e-05,9.21888116258153e-06,1.0485390438285181e-05,1.7495043903403114e-05,-1.282819738564777e-05,3.0458248560557864e-05,-1.0692960737433047e-05,-1.5526914673419722e-06,1.1191238196549113e-05,1.1697370904147885e-06
0.7562983677755053,-0.18220296067461966,0.33135292219341567,-0.11356394673309098,-0.022498241354819096,0.03736957175019585,-0.003562932639164765,0.000856470848044938,-0.0018408691822035803,-0.000393457186092648,0.0012235701768723616,-0.0004371063410679233,0.00016563365545069518,-0.0002272901562162548,-0.0002220459352453636,8.856958623149996e-06,-0.00017611714914439564,-0.00030596158610986273,0.00016152272926660342,4.9255302559234796e-05,-3.717573172385974e-05,-2.1308004001294467e-05,-8.443781295869165e-05,0.0001076682760634719,-5.026710694842413e-05,-4.464542595486256e-06,3.266315701516201e-06,3.7561788413431546e-06,1.7590133462710833e-05,9.142090108439317e-05,1.6919465048148067e-05,-3.7609257639592205e-07,4.205847213030395e-06,4.857670621811869e-05,-4.60915031045792e-05,1.4726127273636418e-06,-3.85032172376572e-05,-8.939532556598654e-05,2.6506588225384437e-05,1.9366806684336572e-05,-5.3218322494114724e-05,-5.8316001561898425e-06,4.903966889637983e-05,-3.641340037434585e-06,8.688039879757446e-06,-3.50609683432308e-05,3.0279021025141186e-06,2.8689769301777063e-05,-4.19088661654673e-05,1.4857517103078073e-05,-1.9224832893427713e-05
1.1018535913085525,-0.7101154994524298,0.2160275039792653,-0.09904103268993011,-0.04469276741734693,0.032604925053032155,-0.0007110288466502713,0.004047434260193282,5.5058983079554604e-05,0.0018658085607786829,0.00025902491661321085,-0.00021731717799777957,-2.7277251070175275e-06,6.98771531571867e-05,9.85270548657517e-06,0.0001755683268786238,-7.726224500050067e-05,8.500766149444187e-05,0.00012901004099013141,1.4655805734373474e-05,-0.00020959253909644395,-1.5225625342600862e-05,5.269123432351498e-05,7.631678241231112e-05,-0.00016376760444969602,1.1079917792571567e-05,-3.12169764101169e-05,-8.099444192208513e-05,-0.00013197418504988626,0.00018156934525456872,-0.00014389345452195612,5.035525230302521e-05,5.039848399789023e-06,-6.236628156475772e-05,5.273729205140938e-06,-1.954482394209221e-05,-6.896034921061094e-06,0.00011252053695244949,1.791993997103363e-05,-3.519923197396444e-05,3.960106458481172e-05,-6.447768325060938e-05,-4.0092725758193474e-05,3.767648846873732e-05,7.940965304446772e-06,3.8592157621873384e-05,-4.598443883493708e-05,1.7859088187928533e-06,3.4848048772572395e-05,-2.0959287949947954e-05,-2.0943648985924552e-06
-2.7771613057361946,-0.39293078321283803,-0.2239244011947586,0.0019938331064606103,0.0024736141268409577,0.0020468451792475663,-0.0017699610004037877,-0.0005780653216371705,0.002271556792938002,0.0005028949833145962,0.0005129938006687113,-0.0004781535242680284,0.000215546031654249,0.00033227867290027633,0.00016073573890193582,-0.00022955766530756018,-4.584069503245907e-05,-9.422809231414596e-05,8.048834802719263e-05,-1.405491539254153e-07,3.877114822691833e-05,7.745845347067246e-05,-5.798411807678425e-05,-0.00016057795950367095,-1.0431122963511776e-05,-3.955317027841638e-05,-1.4535683106791775e-05,-0.00012544353210344034,-3.5447038575911245e-05,-3.9535087457183714e-05,6.894944647400005e-06,-3.911491144423985e-05,-4.739623967881269e-05,2.6957658901357124e-05,8.033890168978264e-06,2.7050278631899986e-05,2.3791560010820455e-05,-3.4081201572119016e-06,-3.4011911126975334e-06,3.161921109985358e-05,2.3150765482129507e-05,-2.0233273871604737e-05,1.1819559145646984e-05,1.3441954479738899e-05,8.459264301846388e-06,1.201458698237315e-05,2.1335742558354982e-05,2.875065376520212e-06,1.7248475911781428e-06,1.3106763261482412e-05,-1.5996843471346691e-06
-4.650951689140969,0.0032263150330896617,0.11339785664281637,-0.08623634923332542,-0.044536483250478015,0.02464506218490654,0.007156903911450613,-0.007050438194361884,0.007566169990573518,0.0007717546653892739,0.0007369536415547611,-8.760496644306102e-05,6.363428796318832e-05,-1.4063053914455219e-05,2.367329173654639e-05,0.0001316141420067563,-9.774464819329876e-05,0.00016692712509967631,0.00012832943945313886,1.5147557978085772e-06,-4.394646886828271e-05,0.0002161639116584638,-0.0001290143421593958,2.591840047010148e-05,-3.5293080001591643e-06,-0.0001603747394337032,9.278744276329846e-05,9.356002575024816e-05,0.00017581271301148703,-1.7118503587763403e-05,5.1067281154921146e-05,-7.327169119905522e-06,5.986277824270365e-05,-2.1976898615920866e-05,-0.0001405119715466309,2.1663623707780568e-05,2.210117290921689e-05,7.037081741040325e-05,6.440945272129584e-06,-6.433198090536029e-05,4.299320501404059e-05,5.3920516778653296e-05,-2.8319162002684052e-05,-3.6433885556874128e-06,-3.970686263762068e-05,-1.4188492900468723e-05,2.2834918488863497e-05,-4.1885642566549756e-05,-8.551857823998907e-06,-1.1879650312154056e-05,-2.047978575041692e-05
-0.05548045829823041,-0.6713200057347494,-0.09341738483196604,0.0031451828284382245,0.046585053764072695,0.01894901264958064,0.0006204098352752342,-0.003404249799472201,0.0026297604503277266,-0.0006320433563979836,0.0009491526383291675,4.5350502174206635e-05,-0.0003783200623332672,-0.0003131926501586398,-6.41399612014793e-05,5.643064570364221e-05,-0.00013381765189894967,-0.00011305754108697005,0.00017319862932990734,-2.3085608166862878e-05,5.778435411522255e-06,0.0001148185333418071,-1.866510405717522e-05,-6.702864982767069e-05,2.7914258671376005e-06,0.0001417671816579054,5.651689022729682e-05,-2.0380067691194966e-05,-0.0001697868219389373,-6.614694816301639e-05,2.4548739335007695e-05,8.167865966233714e-05,-0.00012372090003584827,-9.469806699960407e-05,-3.899936128753816e-05,-4.012341008361108e-05,5.238173417537585e-05,-7.562304527728273e-05,-5.874041000169065e-05,1.5172231338276838e-05,1.2225711080636538e-05,3.4230969491049645e-05,-1.9907100562252672e-05,3.6090596499482426e-05,-1.761162740654455e-05,6.976387938142558e-05,-1.0093531022461942e-05,2.47208621795393e-05,-1.135803723300329e-06,5.723156087167644e-06,1.1723175910430085e-06
1.0821154681528893,1.2419433818627164,0.04424964405549556,-0.0024462997290491135,0.0021320199044556776,0.017914206993935474,-0.007433939321690983,0.0025197024950024296,0.0010132710805016696,-0.00041310639249273677,0.00023992606092653842,3.824863910588484e-05,-4.553530272834245e-05,0.00025205561884574727,-0.00031040295694510447,-2.0364507939020394e-05,3.157112995145316e-05,-0.00011396377807918979,-0.00011723406339339677,7.953053538712707e-05,9.87992867194826e-05,0.0001619542558918152,2.447825009947733e-05,-9.965965857683387e-05,3.305332795512821e-05,4.4551370663873903e-05,-5.6975265831703454e-05,0.00017420314567251105,1.6314622197381965e-05,5.695557999012033e-05,-4.584259951342057e-05,-7.191015347887256e-05,3.383572942442806e-05,1.1496771527684518e-05,-4.980784715707675e-06,-6.907969115811731e-06,3.4361809600206826e-05,4.892535555926945e-05,1.42177618416654e-05,-1.8233438654452978e-05,-2.894299824921294e-05,-2.471685912698265e-05,-2.0800403496298633e-05,1.8749538058139977e-05,-1.236323262473133e-05,1.5481175296940076e-05,1.6554871028455522e-07,7.704872652883924e-06,1.8795230868996234e-06,9.134017500301153e-06,6.683414821860155e-06
2.237900495838292,0.7945700378792672,-0.12019442629176293,0.035472812875605005,-0.01493412477221517,0.009180778116806926,-0.0006826700232426928,0.00249129519106517,0.0019338422660257813,0.0008560896000336689,0.00018633186181304468,-0.00010972959037584982,0.00019978287136995204,-0.0002351551167563907,-6.72528896506782e-05,-3.469725878297516e-05,0.0002066588793177228,5.33707240203572e-05,-2.164590803305086e-05,-0.00016114898742335552,-0.00011449023224421759,-0.00010267429704324917,9.064440694242046e-05,3.1348863383071e-05,-1.5973359614018708e-06,5.835617704108263e-05,-7.512471380564885e-05,1.812852514789044e-05,1.2961523173187312e-06,-8.268167954371483e-05,2.3113154152660028e-05,-4.8577572839773154e-05,-5.0948073279439477e-05,1.377841138019366e-06,-1.1049513415727044e-05,4.734041870723677e-05,-1.3095705668724932e-05,-2.9024422315239567e-05,-4.146321683810108e-05,1.7496282143779033e-05,6.3079326790787544e-06,2.018462159145606e-05,-1.0281990665984573e-05,1.672609346329618e-05,6.966060897404807e-06,5.617490037593954e-06,5.190784803754094e-06,-1.0669501069526575e-05,1.7554698737177474e-06,-2.119029829332904e-06,-4.310094274813913e-06
4.678230512646069,0.5130474547837461,0.10028714365585156,0.003946668878425585,-0.01744540751048268,-0.00873426927178789,-0.01591452710426618,-0.0029532625312627472,0.003010557917870912,6.280724270873852e-05,-0.001017420557613093,-0.0003492972579154733,0.00030244335336633473,-0.0002489647096959308,1.6593923454500722e-05,-2.375214936378268e-05,0.00014203229672926144,-1.968456517235497e-05,-9.484502546596579e-05,0.00028318536392545,-6.945246113036458e-05,-2.2608373450247375e-05,-0.00011032545517203235,-0.00018480156783703334,-4.116927843737751e-05,-2.910326805740612e-05,2.571000689615238e-05,1.3155570623406908e-05,-8.66378299028038e-05,7.939778446876963e-05,6.769337993230508e-05,0.00011160217177501033,7.265939712816905e-05,-0.00016871591681761252,8.82382556029111e-06,-2.3108383764809943e-06,-6.452110058085093e-05,-2.81035089478455e-05,1.0663139536572586e-07,-2.0059203839618188e-05,1.8515839191533953e-05,6.430820490906035e-05,-1.8097974420789116e-05,-2.5010170418641906e-06,1.3391341484295632e-05,1.1554877366817452e-05,3.239031635906812e-05,3.409645271659692e-05,2.2566092598024053e-05,-5.410824995078731e-06,1.0927097384296142e-05
20.817220870700986,-0.6050586317286211,-0.18842907902239175,0.0209066984117887,-0.01650439089998547,-0.014947494094733497,0.0010342506285045867,-0.0016804319630723508,-0.0022862234582833336,0.0009453379539904934,-0.0010627673670527687,0.00023900667720018863,0.0004127118710238472,-1.8643400292268886e-05,1.0382352802732944e-05,0.00012519600735645927,0.00025064691869342395,-2.2857715094345854e-05,0.0001746677984871621,-0.00014925801298774699,0.00014109008920417228,0.00022365818238556765,0.00013426959575437304,-0.00010836136719501866,-2.8995340432352e-05,-0.00011943558448325248,4.874048908309451e-06,-3.7433476269147905e-05,4.165208090803429e-05,-4.633656970530237e-05,9.530331311666186e-05,5.3906124847324294e-05,-2.054430408664795e-05,-9.02479448087775e-05,-2.413845479579686e-05,-2.8559523399705642e-05,5.7198122126907156e-05,4.0077002075569916e-05,7.608940389721982e-05,2.5402012746585173e-06,-4.3969799485177475e-05,-4.604780836896235e-05,5.26850868135255e-06,1.6996627249161886e-06,2.7251335822921738e-05,4.712581439292168e-07,-2.0190983679118224e-05,-2.8892670824088105e-06,-2.68076154315583e-05,1.671876828608067e-05,2.2708398005980437e-06
8.143011178457924,-0.13739813635234696,-0.07898199320188706,0.005870009028714968,0.002641562127724204,0.010696621244912946,-0.008699459704261904,0.0053705939534490375,0.00043661956296938716,-0.0015621162053671912,0.00039591153693662806,0.00011096674858560924,0.00022226431787477765,-8.958184645471191e-05,0.0003874688472398328,-2.5058013030763324e-05,4.4492472574611415e-05,0.00018359730785857633,8.006687529389464e-05,-4.2832132300334885e-05,2.2504159167918903e-05,8.870149445512847e-05,-0.00014652169879539982,-1.431937413913103e-05,5.262306464381286e-05,7.715385541066008e-05,9.603803558976694e-05,-4.481994860280066e-05,-0.00012198623479686304,8.598082642131974e-05,-3.277271298506137e-05,-0.00013685831889974516,-8.155922613738212e-05,9.208673110235383e-05,-6.40613314515083e-05,-8.20404752299089e-05,-4.350383696688785e-05,4.10971482369982e-06,5.252341858206996e-05,-3.4955438148996944e-06,5.120681443281855e-05,2.983942247707843e-06,-1.0863912814626445e-05,1.1693245215195852e-05,-3.265597435943488e-05,-4.261156395284259e-05,-5.301065531392488e-06,-1.4295388015633981e-05,-2.8610143332863895e-06,2.661728249861835e-05,3.2970489537933624e-06
14.191485067282102,0.0019422339123888511,0.5623992290690617,-0.019456825157132828,-0.03679867951564033,-0.009670703098376398,-0.011464024682565126,0.0018503393765446176,0.0016813073164454735,0.00042579059256873426,-0.00013217525617472767,2.570097315097022e-05,3.292547500587108e-05,4.8070130565461545e-05,0.00011949676579100184,-4.074788416751879e-05,4.9211582076306256e-05,-0.00013929891822475016,-2.6445274093214354e-05,5.366453532405555e-05,1.022874283867427e-05,-9.467663438615362e-05,9.149806644008667e-05,1.299206247630271e-05,-9.79960741181739e-05,-2.5820126364784088e-05,9.606092366952249e-05,0.00012525755690388863,-2.8009848416833467e-05,-0.00015315870242858294,-0.00015402103778999613,1.780436385916621e-05,1.1592370964797116e-05,-2.6742643518493957e-06,-1.4993288413125283e-05,-4.34363971451615e-05,-4.301781433778828e-05,3.5047283917525895e-05,-4.040749960289913e-05,0.00012381068168510224,1.967991956917502e-05,2.043986282302385e-05,-1.5708916779143325e-06,-5.987885068390618e-05,-2.7212968157355538e-05,2.3706243282906908e-05,2.5544062751586738e-05,-1.2383368834404331e-05,-2.112784952131665e-05,-1.3396483343691553e-05,-1.0330322258026981e-05
10.312376366973929,-0.4703337125313815,-0.29717339118523994,0.013786421252657674,0.027161817913649945,0.007065886499248798,0.002697838281490442,-0.0007399731226121623,-0.003730183564226642,0.00024454632533280854,0.000632484447440309,0.00012540632379663894,-0.00012824946293384527,-0.00012566473272583473,-0.00015746236705832116,-1.7939837495523414e-05,1.2688297655719747e-05,0.0001246055162317989,-0.00017484590991386563,4.332377188692144e-05,-5.102629369895317e-05,1.4420575930612637e-06,-0.00041629112859381865,-6.892256665428699e-05,-2.391979010173745e-06,2.1141691575977854e-05,-2.725082868194538e-05,5.456302991759609e-05,4.508123374078271e-05,-0.00010729824541596544,-0.00010867874988763826,0.0001187195693944562,-9.278641751540954e-05,4.634226011303477e-05,0.00012555388839032236,5.075272699777554e-06,1.103497194942994e-05,0.00011398757359305924,1.1654212218480032e-05,4.1797021546442954e-05,1.3555424348805496e-05,-8.760997923671194e-06,6.784072322944801e-05,-3.2373633777335442e-06,-1.7828999086101908e-05,3.4642761579565536e-05,4.629050844734502e-06,-2.3077263986792478e-05,5.830383323303183e-06,4.396873743918871e-06,-7.222272857830396e-06
12.58660908488149,0.20263518140221734,0.3760153219794598,0.08757406806975636,0.11333129542008766,-0.004604279547691734,-0.017294398056783015,-0.010794557944513571,0.0028126774207780708,-0.0011792666446064528,0.0003470781596388837,-0.00028355207524868474,2.9510454112086978e-05,1.6265355451780264e-05,-3.772755576179565e-05,0.00015010806721855348,0.00016181902397959127,6.788637769978812e-05,0.0001347112410334332,-8.17819151008772e-05,0.00013232476747346248,-0.00011468155952041223,1.5132110411351259e-05,0.00016921791144383072,4.683895926845363e-05,-1.303240041677794e-05,-9.707057562247143e-05,-2.445336864940666e-05,2.1261660682920077e-05,6.664069682590075e-06,2.4909741217648848e-05,3.10576287791015e-05,-6.20464301797267e-06,4.911093278531725e-05,3.83580461810693e-05,2.79423281576161e-05,4.4382093887036135e-05,2.2512929097720967e-05,-2.6835244438600135e-05,-2.9125798947254193e-05,4.685059371225351e-05,-7.106222702185588e-05,2.3468644903965665e-05,2.8438338647922836e-05,-2.3132802450286247e-05,-2.6456933527351547e-05,-7.69798317711164e-06,1.3939283912675142e-05,8.541331143707205e-06,-2.3563885593561572e-05,-8.459872205146262e-06
-14.96741561151802,0.35582927878503257,0.1304110980529136,-0.04173473105279203,0.06068887173428608,0.013127172187925645,0.0026152742142841194,0.004464619045228104,-0.0007391442159318288,-9.076096992108613e-05,-0.00034423331696832094,0.00011282475356633741,3.398117922726606e-05,3.002240574564212e-05,6.898980597131085e-05,0.00019271359253662655,0.00019621062753077197,-0.00011492982340414757,6.19744687135496e-05,-2.757101007737013e-05,-4.5724305958091454e-05,9.077063610895804e-05,-2.606130848118361e-05,-6.0271111924590465e-05,7.855185856737496e-05,-3.149800052909852e-05,0.0001513650361439689,3.5352257606405184e-05,3.380950308229197e-05,-4.925493035033151e-05,5.3138969856690996e-05,4.800944218242293e-05,-1.0247335826767798e-05,-3.907532566605541e-07,5.2715079425329695e-05,2.0535222403241927e-05,1.745314411061376e-05,4.750472161184417e-06,-4.9201616639782475e-05,-2.0398461905717106e-05,3.1206322905226164e-05,-1.5004700824487606e-06,9.385156464626405e-06,-1.732505346913868e-05,1.6900591654925276e-05,7.27021455220646e-06,-3.0479010998165084e-06,1.398548129667161e-05,1.2425567569899894e-05,1.349658440522891e-05,-7.214913015487172e-06
-9.306925640794077,-0.8488466515979151,-0.18478485200231157,-0.12038325773981115,-0.024238484315112507,-0.015495958928667938,-0.006466622158467217,-0.0008343124606342968,0.0037810200015860867,-0.00034439695287524715,0.0002150216328418229,8.34785665615352e-05,-5.0321428177910684e-05,0.0001957042839329036,9.149505955301935e-06,0.00024144872946160216,0.00015341947619121018,3.6436776542331904e-05,-2.7802595585723747e-05,-6.124627759843641e-05,6.584981778728285e-05,-6.54240267674791e-05,4.038756186198734e-05,6.479479352491165e-05,-9.592056879834437e-05,0.00012269904745859954,-2.8327077470829368e-05,4.092968044034974e-05,-2.211347000321425e-05,-3.6982291267040014e-05,3.9339132893250634e-05,-3.451369694947721e-05,3.471343217990438e-05,2.0637407218722947e-05,6.1603344648607335e-06,-9.205696069299426e-06,-8.89625284960772e-05,-1.5078995283018059e-05,3.212840718298505e-06,3.8546446361163085e-05,-3.273340309783393e-05,-2.35555622974597e-06,2.0841908208625922e-05,1.169039464580999e-06,-1.6493616447191954e-05,2.5148697253767583e-07,7.482201400034405e-06,-9.525478562565436e-06,1.875479789645253e-05,8.819586731839346e-06,-2.4240427678489365e-06
-9.444705658047422,-0.7714230790554433,-0.13690798293968642,-0.02605491668116038,0.013878285603218705,-0.021737889435275125,0.00023474544228303926,-0.0001761901524455005,-0.0009680842604755868,-0.0010081458981204808,0.0006657421193385887,-0.00017670489324788708,0.00015551023582665536,-9.347237886897356e-05,-0.00023110470801514352,-0.0002528799797780838,0.00012505556160344403,0.0001213301657212948,-0.00014481899406028906,-0.0001340480360818823,-6.9019927572651e-05,6.238495167650728e-06,6.702132932685334e-05,-0.0001108967903805942,-8.135928226507745e-05,-0.00012798365167664724,0.00011375442366004739,4.243057167636183e-05,-7.344748794736256e-05,5.097054665073297e-05,-5.662594700189612e-05,9.006906072593395e-05,5.886421579915805e-05,-2.7582196044013806e-06,3.03834663952555e-05,-6.527827783548985e-05,2.8837874405080425e-05,-3.010517298552696e-05,6.46221241441727e-05,6.0183026225084356e-05,1.7555455497873957e-05,-4.4302716123450284e-05,-3.920497512115085e-06,4.0914949532320665e-05,7.986852923460092e-05,-5.302484901845962e-05,-7.153286986674911e-06,-1.7351214799270087e-05,6.583817422890634e-06,-2.035748542705361e-05,-2.4315824844537853e-05
2.8162359863136244,-1.0270704285741452,-0.1519421299629058,0.03272154484635498,0.011531440197364996,0.008446321418927715,0.005969504775300995,-0.0012652041426812045,0.0005148002335013938,0.0006956722694527574,0.0006230259186940074,-0.00046770147215066384,-5.174515787690191e-05,5.3655565386243506e-05,-0.00015597987048812884,-0.00017499171717249022,-0.000107501392600491,6.897011256878566e-05,-0.00010851738446247822,-0.0001757013180836054,0.00019365113885965826,-3.914312226713209e-05,1.7805890503173598e-05,0.00014712937641028501,0.00011729219016184562,-9.949946032303286e-05,0.0001392211981319997,-2.5092469754779512e-05,-0.00010878969952780328,-4.0037189821730474e-05,0.000115908639783209,4.2575626722639393e-05,0.00011657883813077539,-2.0596168913864483e-06,3.578793538595178e-05,5.864253063525574e-06,-0.00013040482987817278,8.233117434236945e-05,-2.203576561871516e-05,6.139180681068972e-06,-5.540053655390549e-05,5.415107113102409e-05,1.4447417788598499e-06,7.643179948123679e-06,-8.647571842384565e-06,3.7911415239476996e-05,-2.744855098958635e-05,1.3249781112405673e-05,-4.016665138807148e-06,2.025331108775204e-05,1.3548679226628156e-05
-2.7771613057361946,-0.39293078321283803,-0.2239244011947586,0.0019938331064565805,0.0024736141268272274,0.002046845179273428,-0.001769961000538721,-0.0005780653212218283,0.002271556793154152,0.000502894984849584,0.0005129938019407175,-0.0004781535176573198,0.00021554602255664348,0.0003322786752791432,0.00016073573818896534,-0.00022955767019793922,-4.584069464258883e-05,-9.42281065502635e-05,8.04883298956569e-05,-1.4056072190156136e-07,3.877113951366047e-05,7.745847027362386e-05,-5.7984113747585006e-05,-0.00016057796421496917,-1.0431140731630526e-05,-3.9553185249273894e-05,-1.4535681194450296e-05,-0.0001254435431310772,-3.544703774515239e-05,-3.9535102627734815e-05,6.894960677838169e-06,-3.911491818456461e-05,-4.739623080647177e-05,2.6957668560708347e-05,8.033910360825736e-06,2.7050296585586382e-05,2.3791565320142623e-05,-3.408134141078968e-06,-3.401221439200589e-06,3.1619210587335306e-05,2.3150804417862295e-05,-2.0233240942416234e-05,1.1819589900256121e-05,1.3441963488497392e-05,8.459309721289004e-06,1.2014661597485828e-05,2.1335693594244384e-05,2.875023321348618e-06,1.724837062241403e-06,1.3106716661605773e-05,-1.5997412737406166e-06
1.0821154681528893,1.2419433818627164,0.044249644055493656,-0.002446299729050265,0.0021320199044543194,0.01791420699392754,-0.007433939321565914,0.0025197024946883163,0.0010132710803408083,-0.00041310639311601576,0.00023992606073988177,3.824863739574454e-05,-4.553529989495833e-05,0.00025205562010524384,-0.0003104029596414113,-2.0364505431992273e-05,3.1571134239418904e-05,-0.00011396377564873772,-0.00011723405992450126,7.95305381016898e-05,9.879928663915585e-05,0.0001619542500784991,2.4478253427872416e-05,-9.96596586521577e-05,3.3053329189783414e-05,4.455137745926295e-05,-5.697526592073027e-05,0.0001742031478028992,1.6314624680895837e-05,5.695557796919234e-05,-4.584260104776076e-05,-7.191015322963493e-05,3.383572564512549e-05,1.1496767217801105e-05,-4.980786776729386e-06,-6.907972842784728e-06,3.4361806004501225e-05,4.892536611647267e-05,1.4217768912468845e-05,-1.8233431010183273e-05,-2.894299774691883e-05,-2.47168658294997e-05,-2.080042169669899e-05,1.8749534331105085e-05,-1.2363241372172105e-05,1.5481178451761292e-05,1.6555595529608955e-07,7.704889063845262e-06,1.8795104794315624e-06,9.13402751469617e-06,6.683398076619946e-06
2.237900495838292,0.7945700378792672,-0.12019442629176103,0.035472812875608974,-0.01493412477221139,0.009180778116816453,-0.0006826700234351858,0.0024912951910778833,0.0019338422656456475,0.000856089598977787,0.00018633186199102226,-0.00010972959094999325,0.0001997828654645105,-0.00023515511365033187,-6.725288226449195e-05,-3.469726123437375e-05,0.0002066588782365039,5.3370711364280394e-05,-2.164591551751765e-05,-0.00016114899457399262,-0.00011449023530534018,-0.00010267429717842461,9.064440132603386e-05,3.134885858767223e-05,-1.5973413009442611e-06,5.8356170411473e-05,-7.512471897109693e-05,1.8128526126419165e-05,1.2961563872246533e-06,-8.268167057296093e-05,2.3113164469006645e-05,-4.857757420593448e-05,-5.094806752580233e-05,1.3778512394851015e-06,-1.1049519038610677e-05,4.734043517725744e-05,-1.30957021732124e-05,-2.9024416805585308e-05,-4.146320677030204e-05,1.7496282568795893e-05,6.307922471372272e-06,2.0184637802994648e-05,-1.0281962753731084e-05,1.6726110469461258e-05,6.966077041023403e-06,5.617501647292817e-06,5.190778382818461e-06,-1.066952901684675e-05,1.7554898746615559e-06,-2.119069040320827e-06,-4.3100977492690285e-06
4.600060400097213,0.8972789210752619,-0.16704437857344415,0.056106243386679355,0.02038874451899946,0.0055356578697928075,0.0016908599792789004,0.002750279721201251,-0.002847515426750753,0.000926019626139554,0.0005680259774820585,-3.511716107128579e-05,7.404984866038015e-05,1.3670432423758372e-05,1.9094633212373696e-05,-0.00017833828778178777,-9.584933521540687e-05,-5.09224558241469e-05,9.553802402413924e-06,0.0001245571904259474,0.000226553256255063,-4.0608202753074185e-05,0.00019690275061712251,-0.00013542854597664754,-5.04287944649527e-05,0.00010097136656727403,-3.559204275278616e-06,-7.966738441418786e-06,2.945807766363045e-05,-1.8692452049939924e-05,9.003469163658309e-05,0.00013387855733996406,-7.170566265448247e-05,9.092820799590789e-05,2.851520354595638e-05,8.9081854578167e-05,-0.00012052408994151349,2.4169965811866492e-05,-5.825307695086879e-05,-5.940699918747123e-05,4.233446316496913e-05,-1.2193198790210501e-05,-8.315426934481694e-05,-2.4101672851433104e-05,-5.141411468474412e-05,-3.4363364468196776e-05,-2.6928835812948126e-05,-1.4666746981482833e-05,7.6046925433334455e-06,-1.8352977324455685e-05,-1.630059163182849e-05
0.2860032575460823,-0.1980617835433508,-0.34899025453043714,0.0030851752629034715,-0.008174599172146937,0.016516324710586498,0.0008361152160309232,-0.002859327409761495,-0.0006687060990903054,0.00022788848148668072,-0.00011165594223314536,0.0003911357808609011,-0.0002871235148262914,-0.00012468270559881962,2.3070293404957083e-05,0.00015117160271635615,1.1844641071942695e-05,0.00011459537074555249,-0.00022048951495874569,5.078760854547833e-05,0.00011410467939851098,4.341909592750565e-05,4.775854047245573e-05,-5.435588609000525e-05,1.1329765606478994e-05,0.00011382075522926768,4.4718959799210176e-05,-0.00012044750271963824,-8.091123060984306e-05,-0.00013083732359039577,-0.00010374604948116662,-1.903019635773258e-05,0.00010610951000636088,6.267401438572052e-05,-0.0001107395008698425,0.00010552175739098494,7.237493838907328e-05,-1.985417379122336e-05,7.199909336381893e-05,-1.599661395012563e-05,9.21437062062977e-05,-1.1661054934985025e-05,6.0949558347574564e-06,2.0183964789834113e-05,4.520002650314676e-07,-3.1596538602617555e-06,1.331315955913867e-05,3.9018738558533156e-05,-4.090806665319422e-06,3.67567043181912e-07,4.733740647674193e-06
-2.493656584239323,-0.056715261556135786,-0.28835140175238155,-0.04220822682947102,-0.012683010349036404,-0.04171126449211325,-0.01988302797964626,-0.0018276075444756386,-0.006855669366555879,-0.0005909124141260312,-0.0008488456753710722,-0.00017726245493569274,-4.911791857261275e-05,0.00015318607139454973,-8.51157472322821e-05,-8.376684227443246e-05,-7.037162570053798e-05,3.3059475245542873e-05,8.301815879445718e-05,-0.0002291546936293239,-1.4029648460922912e-05,-8.882449953525194e-06,-0.00011524667865070657,-8.627340766613313e-05,4.542227776829235e-05,-6.478839519072637e-05,0.00010675897187956128,-3.555668330299835e-05,2.0395867113939845e-05,4.949415624430605e-05,-3.956451694734278e-05,-8.097180217030006e-05,-6.777181083843629e-07,6.805101882994898e-06,-6.773368231466563e-05,-6.7834553599706e-05,5.98831672210737e-05,-4.888214030192319e-05,-7.312533171973072e-05,-3.366648774231827e-05,-2.1335275293300815e-05,4.7024738682190505e-05,2.5967786774014855e-06,-5.397859598284406e-05,-5.25841356590509e-05,3.253881239417019e-05,-2.651336079954604e-05,-4.499003420169783e-06,1.0158897793515117e-05,-4.4409862541942175e-05,7.344586139081279e-06
